,corr_to_target,corr_to_benchmark,daily_vol,beta_to_benchmark,beta_to_target,avg_dollar_volume,score
QQQ,0.6451366699911114,0.9588497524696964,0.013108001866389461,1.2266308277919293,0.47654822576201755,22997700452.136967,0.6986314792067725
SPYM,0.6685614088853172,0.9970349717766979,0.009950230781760199,0.968211787619085,0.37488070874116014,605333193.4451606,0.6750489553425008
XLK,0.6134717262419066,0.9181171182529654,0.015804177411267634,1.416109386028819,0.5463677820910287,1558045396.913598,0.6402720267366424
RSP,0.5512495728238669,0.8737973643667497,0.009143117603942874,0.7797077600371597,0.28402803296826296,1804826462.1737382,0.6352010132119849
TQQQ,0.64457939280286,0.9585585522097285,0.03897903721658179,3.646502992644655,1.4158790607230378,4668234591.364571,0.6153975674018399
HYG,0.5443772219983656,0.7502124629625192,0.0032473160443352565,0.23775828154383188,0.09961922013725333,3015629840.330981,0.6147267405899415
SQQQ,-0.6443191971239827,-0.9559834737202322,0.03913601714557266,-3.65135307883241,-1.4210073718634477,2057292609.609235,0.608469731351413
SH,-0.6644199545877997,-0.9842901843979361,0.010043570968451838,-0.9648018489719002,-0.3760533432666579,265732586.0433397,0.6044606843305552
SCHX,0.6566552552694735,0.9944619374846141,0.01006294534640736,0.9766525752271279,0.37237556272138556,252682594.1518491,0.5975516032642949
XLI,0.4878448484138851,0.8489858166669969,0.010423926348175919,0.8636913880555886,0.2865706386986371,1344697857.3484044,0.58911225769741
IWM,0.4709974984162544,0.8119728851944936,0.013651349891501786,1.0817924471656344,0.36233712389590034,7470424128.7864275,0.5774744780794867
SCHG,0.6487075686932848,0.959094270715544,0.013026122609965381,1.2192795185426188,0.47619273020709685,243384075.8434775,0.5732407013169765
XLF,0.46849382471847084,0.7594920222576731,0.01082563980214725,0.8024234452390929,0.285809116781076,2025420180.1806006,0.5693913901091994
EFA,0.46794470692155954,0.743406915180763,0.009436756364170188,0.6846618976553297,0.24884900930708492,1238996053.4834743,0.5583954467936164
PSQ,-0.6400592238944457,-0.9476574293210014,0.013197014014186863,-1.2205452074268768,-0.4760082421965727,201331272.45494008,0.5516204346351579
SPXS,-0.6660827956339964,-0.9955859799288593,0.02986538566178951,-2.901841715680232,-1.1210241739211828,327449177.42189825,0.5428043180610598
VEA,0.4780820928278562,0.7639748778440135,0.009255993974375678,0.6901269084183868,0.24936998226895973,666596166.3952953,0.5410506816685947
SPXU,-0.66670053141178,-0.9947493973927491,0.02977692910738751,-2.8908157478483933,-1.1187404537611392,302733674.17343706,0.5371867071390646
SPDN,-0.6575489846540102,-0.9848654154612538,0.0101800102763973,-0.9784799334684362,-0.3772202183639058,116614361.56724852,0.5369168598869696
IEFA,0.46259706456653993,0.7408939642008425,0.009442746945757311,0.6827806869626288,0.24616134609362975,792513515.615732,0.5368944280902797
SCHB,0.6509495620596281,0.9931164185822097,0.010063135756045293,0.9753496076840162,0.3691469673704483,106384353.92370172,0.530729827398961
USHY,0.5247323104292005,0.731015159271801,0.00326119085938946,0.23266412291970842,0.09643454980587336,390665107.7637784,0.5261957141195713
EEM,0.4247451973469705,0.6818448648361619,0.010628223117309791,0.7072501645794638,0.25439453307741894,1309335709.3436785,0.5222145210298974
QID,-0.6437192374467021,-0.9560186114406114,0.026244608547792005,-2.4486869497356567,-0.9520400572879378,278500897.5895576,0.5137614212907055
MSFT,0.4181047131189211,0.6639065433139023,0.015122259550543691,0.9798293786757653,0.35630374345388177,9918498349.701006,0.5102455325869879
SMH,0.45816022316485877,0.8224804570854722,0.02291759948702276,1.8395920879954868,0.5917048665675239,2043859939.0514464,0.5101556096312865
XLB,0.47004313019517086,0.726738132236298,0.011008554024251794,0.7807914458073177,0.2915993973075385,511980656.42612827,0.5082924027141296
SOXX,0.48202011993842125,0.8261093501990162,0.023429559278837973,1.8889848606939965,0.6364260094383473,1211782010.5097744,0.5081516507769023
AMZN,0.4570415263557123,0.7063118003924962,0.019995953440771524,1.3783686890712012,0.5150108901916838,8803419696.929255,0.5067813780556574
QQQI,0.6365095069268573,0.931686541946121,0.011219564448988808,1.0201702159257076,0.40243850459712827,87892489.31266302,0.5016252206659163
SOXL,0.48374763683023947,0.8265971630219223,0.06938210793920785,5.59716643196016,1.8914069518564827,2972270417.995956,0.5012595686460313
IEMG,0.4249748344350125,0.6860932013052101,0.01037562939370555,0.6947433313851599,0.248482780671709,640831780.0748955,0.49455771541921145
IGV,0.4519261337935748,0.8096488148488307,0.016150558962737174,1.2761774380981044,0.41131414791567217,527529284.88616526,0.48841639007597765
BLK,0.45818186080825474,0.7008030742716654,0.015217164171206717,1.040774264013267,0.39290743945279105,634465392.523622,0.48617999202983925
SCHD,0.46622164106578945,0.6669898759993697,0.008867493012921095,0.577227372060455,0.232976393419445,391280034.1529497,0.4834372425041473
SOXS,-0.48339024504062467,-0.8264692616732364,0.07011772610045092,-5.655634688953062,-1.9100482572002178,1098856739.6155963,0.4813345245931796
CSCO,0.4135277817765404,0.6082782889720215,0.0145479241208117,0.8636348580761473,0.3390192456769133,1232717768.6585913,0.48060104955527483
EMB,0.438601313003311,0.5952153664231364,0.0043439235225583685,0.2523382724629172,0.10736697871363125,589957284.3534064,0.4800540264704015
GS,0.4169793669327054,0.7203624057925271,0.018611979292564477,1.3084900384104736,0.43734660599542335,1362390302.9769588,0.4794382553752944
MA,0.39206476098073234,0.5677911365543826,0.012992632827471446,0.7199670058938479,0.287060613759766,1416438079.0423605,0.4787005554452218
V,0.3790109026789897,0.5577403548833464,0.013057483219089743,0.7107524497515089,0.27888799094380906,2114468286.2990122,0.4771442727524643
QCOM,0.4593813625420367,0.6861842092989293,0.024222067528235965,1.6221042062520923,0.6270515076012144,1473702383.305793,0.47233764529485306
ADI,0.47550487336243236,0.7166612352322842,0.02246289758421587,1.5711097037625525,0.6019208450129304,814915016.6722353,0.47183512002784755
GOOG,0.42945146941143647,0.5816574373855727,0.01871234607059441,1.062239254743497,0.45285687791363616,4337376820.238846,0.4717203984481033
GOOGL,0.42579107404590094,0.5774052672454729,0.018945102004014478,1.0675900302511367,0.45458189544577876,6450549772.202917,0.46956332694673963
AXP,0.43104665076018667,0.705551912503746,0.01819819034489933,1.2530949993031788,0.44204971249705216,807287467.2874267,0.46693039199951625
ARKK,0.4821112615357767,0.7886810059049292,0.025320262125604794,1.948930711082232,0.6879139362616851,605610287.508216,0.46336425777784457
BAC,0.382577118802231,0.601179498884094,0.015900252277718928,0.9328997942339621,0.34280065368070317,1701929840.3978689,0.4621352794222624
C,0.40726562188211823,0.6745088290293206,0.019017794817021566,1.2519143468785685,0.4364721558285135,1114639841.481227,0.45616110379753405
BRK-B,0.3540318714580688,0.46920218516822204,0.0104671131514589,0.47930699291769246,0.20882760806977863,1992916393.452744,0.4544514862007242
TNA,0.4742758336134039,0.8140105463851788,0.04074437957663924,3.2368648086121374,1.0889735701752403,611659938.9874207,0.4498527660488336
MS,0.3925317534468468,0.7017625589447943,0.018551338029645637,1.270551439985691,0.4103634453639029,823401894.7028323,0.44569343214239976
HLT,0.4328846815008086,0.6362536500790792,0.014487110510819464,0.8995781123121674,0.3534049473624664,419410228.35561645,0.4412497897889078
PH,0.4435405265542004,0.7233998338290673,0.018184297299192916,1.2838129377498873,0.45451525602644227,439705480.6189405,0.44079577978113355
JPM,0.3224551192424909,0.6093702094689605,0.01563379880236604,0.929763638432656,0.2840876988181262,2305399040.094685,0.44069322455168675
SCHF,0.4820007349217955,0.7539473079943191,0.009298396406448972,0.6841886604430935,0.2525657123828133,186561866.84016582,0.4403064084663933
NXPI,0.4865825005404631,0.6849137662928935,0.026283544501821757,1.7568984015188147,0.7207075178982701,586406492.7580292,0.44013438747296385
TSLA,0.4323957572711114,0.5954722984957036,0.039101308444394973,2.272373277322521,0.9527771839227439,27755416925.993633,0.44000438021951316
BKNG,0.4059289353956416,0.5663029018341278,0.0183426414900097,1.0137654476792355,0.4195952100418738,1168066222.1446717,0.43856361700007396
XLV,0.30569520574378845,0.5213921607186567,0.00916272709234052,0.4662470197644888,0.15784543031316645,1427666429.5629165,0.43792882733674254
UVXY,-0.5504695401220826,-0.7991686823716045,0.07115867913771015,-5.550002193198729,-2.2073937310271803,333118314.60380465,0.43698822730325054
LIN,0.3404285339559755,0.512233313505317,0.010976330443851358,0.5487212927119596,0.21057255262531108,936106234.7303183,0.43409199425147693
TXN,0.41294775667304107,0.5984192868710111,0.02215605568221003,1.2939719152976454,0.5155920275182981,1222982305.5127325,0.434011138852084
MAR,0.4382028907464956,0.6383218171403611,0.016572906262861297,1.0324408568224324,0.40925363584266106,404665990.51610416,0.4254743602847406
META,0.3599770861791489,0.6149571192727136,0.023851889468811584,1.4315101838572255,0.4838561657684891,8879975347.649025,0.42479497567012064
TZA,-0.47398154392610636,-0.8146943025234099,0.04080441567287171,-3.24435719168634,-1.0899014454960767,408524601.1065009,0.4245369623106672
HON,0.36080299963092677,0.5273448994688422,0.013870442258695433,0.7138580787233866,0.28201946378007287,784288905.5316143,0.42409037499718993
VXX,-0.5508702546480834,-0.7963194085552616,0.04757155208123755,-3.6971020810536896,-1.4767782168424648,284301867.0526348,0.42370424463718825
BX,0.41409892778657376,0.7005002119631681,0.02187352839976144,1.4953881526393302,0.5104363383738589,581313923.0080639,0.4211460158845243
LRCX,0.3851722973277131,0.6885098816609413,0.030051509654798216,2.0193113756601524,0.652288875754419,1209941854.411362,0.4187698003887149
XLE,0.30390877602880495,0.5041843036406355,0.013712624213907294,0.6747404024001787,0.23484561217605784,1478931607.2278085,0.417712714711116
CAT,0.3482613584462022,0.6317657364650218,0.018953613808805357,1.1686243090324995,0.3719768833558769,1089797872.4446633,0.4174122732874842
KRE,0.37068408767709804,0.5914716639242971,0.018209726927081372,1.0511487949331022,0.38038730193208564,867244877.9956472,0.41707442199862654
HD,0.32473285890861275,0.4742748544470331,0.013934231432574223,0.6449706306075778,0.2549927834754177,1334189412.8606207,0.41603466386901844
TSLL,0.4307414069829274,0.5947623599348467,0.0772897774751702,4.486341749541125,1.8761057455189412,1355545051.6037254,0.41582404807878204
NVDA,0.34264601602511585,0.6729064551320418,0.03196814438509994,2.099418127059384,0.6172793503496451,35071933526.17728,0.4155029028784079
COST,0.30735055188023586,0.4378470219167578,0.013029359311696501,0.5567654548647849,0.2256709682876694,1942474050.6309862,0.4154157099918814
UNP,0.36085744076516174,0.48117781119307645,0.0133971624744155,0.6291370140347615,0.2724376486317049,692840775.7694378,0.41383705749030614
ETN,0.35258450008102526,0.7041688313493891,0.021052330735275335,1.446784350276236,0.4182943850463809,811368296.4335358,0.41381013498403796
RWM,-0.47659384334869465,-0.8137651217370221,0.013677843924889067,-1.0862843828542965,-0.3673539431033585,152066723.19832554,0.41361539104792977
MCHP,0.4553736588604563,0.6575313034135039,0.03154639420302987,2.0243843884130857,0.8095361842056668,549724754.3203095,0.41067651070629707
ISRG,0.36777277862887064,0.6061250903476296,0.019519200144778797,1.1546519658105794,0.4045388471346857,859516615.8334221,0.4101724894083941
AMAT,0.36146486499568875,0.657720214237148,0.02851858154807244,1.8306104223608803,0.5809150721312922,1408429776.622675,0.40948415422834555
USB,0.4093235802623668,0.6124371899579689,0.01662483485589437,0.9936780928671908,0.3834800172930374,426053711.7268772,0.4093481810023583
AMD,0.36125726543297404,0.6156417199183055,0.03491901948788711,2.0980551664405485,0.7108815859636678,8163275558.237599,0.40881805872458093
BK,0.4067983951294638,0.6296036396436807,0.013783619953171627,0.8469491572815516,0.31598113535685973,318252414.2398446,0.4052361558599602
KLAC,0.3739232489746745,0.6813863641638077,0.028435230728622824,1.8909368050595214,0.5991807598389423,887733106.2229347,0.40351812943179166
COF,0.38519899510664357,0.6475321168779278,0.022150673739359767,1.399829283289762,0.48082907406377584,652542190.0143692,0.4032577533896403
TEL,0.42028022195874193,0.6916852917890678,0.016926081408202526,1.1425935979475206,0.40087965181066354,314421902.8555555,0.3989134695117046
KKR,0.39216769301164556,0.7180164611060635,0.02583228114338053,1.8101892428420496,0.5708910128628834,549415922.8544323,0.3985004022523409
CRH,0.3822995756205273,0.6445399373175481,0.019501735151503816,1.226732600382725,0.4201416186181605,505448858.8092487,0.39457784508180116
MCO,0.39819851876538864,0.6225691307759791,0.01630562886496341,0.990722340333102,0.3658944545963535,366463117.6954851,0.39411919374033344
AVGO,0.3264315379652242,0.6227429833027929,0.033469783400642036,2.0341761820372586,0.6156921937026211,6165082268.388606,0.39247640752798746
SPGI,0.3325033247844951,0.5110524337011882,0.01495396678089331,0.7458451887490584,0.28020187563913673,678651916.6624849,0.39219687862637703
ABNB,0.39321941128013194,0.5832265766617449,0.02263963060738867,1.288645503123554,0.5016755314544054,646868984.4902856,0.3916145323162195
PNC,0.3848700414699353,0.5852885746549873,0.015728410075396236,0.8984247144361591,0.34112815437203836,377242920.9137499,0.3908190881965062
ITW,0.4138272727230829,0.5533974172927096,0.012677623889703546,0.6847023389988393,0.2956484499581856,279786834.3243555,0.38966990865079887
TFC,0.4140001765134706,0.6195782599028627,0.01741896037782061,1.053283357381094,0.40638848320112825,356095366.56447464,0.3895544836928052
WFC,0.31487295948447314,0.5401294301399083,0.01855121368674834,0.977905727127639,0.32917460895272777,1182208998.7397313,0.3876264146358378
MPWR,0.4172560039861988,0.6802524449071029,0.035420840620943715,2.3515585442061604,0.8328755107633504,516011445.4989111,0.3874359080774868
DIS,0.3225686547415766,0.5104717994903045,0.017649324052934852,0.8792789013637304,0.3208254959917022,1088891147.5442066,0.38676437662312496
GE,0.3076258851156604,0.5890748857085244,0.0196703669908034,1.1308624677870656,0.3409996813525597,1161876705.7673562,0.3861130854936014
JCI,0.36990037637965417,0.6439831577168261,0.017656146346874558,1.1096786985786258,0.3680436485486864,416006748.644282,0.3856490884940998
LQD,0.2581062632754032,0.3187351171057215,0.0042611312881631145,0.13255058556057434,0.06197864722755353,3051326440.4250817,0.38564483219671675
ON,0.4495394494442205,0.6011986582325722,0.03344191095808777,1.962166736276815,0.8471835800979696,483146004.2129333,0.38497455235466305
SHW,0.3347803082326406,0.49406128445726943,0.014520172201174828,0.7001311655284276,0.2739367544431872,595833937.2327145,0.3845270183376171
DAL,0.4138123521197981,0.634827813559219,0.026891122427204525,1.6660640610928847,0.6270916444985376,489680511.4457284,0.38326091852741473
APO,0.38812018498721024,0.6849342321745477,0.024301894367331357,1.6244854327462586,0.5315265868619559,471349752.9560068,0.383053919731307
CVX,0.28240540116342966,0.4169912477468905,0.014074976677779584,0.5727979351454218,0.22399551193593517,1313924916.9401891,0.38201805309793413
UVIX,-0.5460968987173284,-0.78576149258125,0.09589081635421293,-7.353508146704418,-2.950973845594911,186776855.24090278,0.38185868853809046
CCL,0.41471768995702823,0.5992509435802916,0.028609209659388332,1.673175155181332,0.6686164470299214,548423793.0523891,0.3818338155444852
HOOD,0.33504621029330145,0.6119666365889002,0.04406432806603089,2.631732343802078,0.8319754211336156,1875965227.0989592,0.3810159089042214
PLD,0.3892426840111913,0.49969541244564913,0.01656049524601419,0.8076170944306895,0.3632556794305356,451520494.8302969,0.37972621856104305
BA,0.32638976700040123,0.4876838186829833,0.02173527295048015,1.0344994511177235,0.39977926657270757,1645594069.7054002,0.3790562545666402
SYK,0.3127790617175787,0.5014952092166345,0.012986800579448215,0.6356174043670401,0.22890668628910948,509384540.0551731,0.37832906135831174
EMR,0.37408502653725617,0.6839132061862964,0.018538795401398894,1.2373977489371037,0.39081432207320943,355548495.98163736,0.37583213530867965
NVDL,0.33755146282451903,0.6691380904524378,0.06356522084989241,4.151089843571318,1.2091444557951785,1054758418.8406624,0.37537821861269477
DHR,0.3302219043281107,0.4942724430294944,0.017583711031033105,0.8482107187154095,0.32721639059706287,784989188.5374961,0.37496020516786
MET,0.4205019549384801,0.6292519715153179,0.016267574499959123,0.9990200614645917,0.38548675244063707,262354637.5975942,0.37467030719987776
CSX,0.34002106350524214,0.4935166499528292,0.01426869318533872,0.6872469624335532,0.27340638661045646,469037103.1259445,0.3742985039770438
AMP,0.41718719494925016,0.6643395451237697,0.01668054569688597,1.081501632376105,0.3921568977653607,245657276.2139904,0.3713044384365518
NOW,0.32059964294432036,0.5415037612263285,0.024702410034787153,1.30547218812776,0.44629394518636806,1358515629.5321229,0.3710438546947383
ROST,0.37509147045783314,0.4661570536205741,0.014796082909755355,0.6731406790523431,0.3127537883125778,387136677.93982005,0.37100402204378186
CRM,0.29682261106628166,0.5188973491887604,0.022278933344151763,1.1282430486632165,0.3726576230187974,1973190496.6280024,0.37086442284035187
SWKS,0.5354836131096649,0.6003363541752117,0.027844122253007603,1.6313794808908597,0.8402303240175536,233479226.59218624,0.370357070409072
APH,0.3159024117857406,0.641950356341699,0.022120903828850763,1.3858975662722763,0.39379884993037767,683458231.90246,0.3697618705294474
STT,0.4397920654070598,0.6461603790988762,0.016085825087037882,1.0144029110888133,0.3986661535088893,200880244.31168702,0.36937243662103636
MU,0.291716249092577,0.6039125497398656,0.03741735677227714,2.2053320026590035,0.6151093943461777,3674924271.8830366,0.36803679505272585
TMO,0.295478609688736,0.47214993056070903,0.01704628807663287,0.7854826089563266,0.2838405924978254,1019073201.235443,0.3662530605900177
DD,0.47330911134598536,0.6314147342881192,0.019005262468859224,1.1711577698820979,0.5069176009104494,205481496.4481552,0.365904343717353
CMI,0.35927254972813943,0.6169336652683558,0.01854383106871899,1.1165154890130442,0.3754413757888315,379936066.4094146,0.3656757129788229
TJX,0.2832105584850588,0.4081845914766946,0.011124656798159402,0.44316968860482,0.17754755510916917,645696154.6299114,0.36530153436160306
SPG,0.4090500588156876,0.564402324572256,0.014888437210786835,0.820096064316903,0.3431975725392965,253843159.9683215,0.3650494733798867
NFLX,0.28788297194141776,0.44873310564841745,0.020622406684899414,0.903138338210935,0.3345599563502211,3427240144.224799,0.3644036393866053
ROP,0.35285245761158596,0.5065465210204301,0.013893807645327156,0.6868587561950246,0.2762695770429007,358108311.0759404,0.3641229675648528
WAB,0.41798732417919054,0.6718575069004968,0.015640007661762316,1.025512493772236,0.36839922452247414,189764283.90661016,0.3629114112881938
XLP,0.26939266049999144,0.29075573772403474,0.007780195927363787,0.22077284176106837,0.11811224584778345,1055870370.7110562,0.36283002578782186
ADSK,0.3466949599562479,0.5827395263288363,0.0183171708005948,1.041740843534939,0.3578693936715043,437998386.13165045,0.36214669414441475
CDNS,0.33637569975653236,0.6467919010765056,0.024110044902671143,1.5219115486210122,0.4570263789358205,561312579.2440785,0.36124605557349754
ADBE,0.30344901285478504,0.4514564452771641,0.021642198889484536,0.9535512980934966,0.3700886337195406,1594112071.5132368,0.36103848309190045
UAL,0.38354409579796456,0.5997248834094265,0.03221682103235634,1.8856521188048752,0.6963324277871397,536773566.91474414,0.36040812405730743
HBAN,0.3784106589820386,0.5976295892161859,0.018538233082722042,1.0812528125307233,0.39532140801434174,352958638.4181035,0.36021466792762474
TT,0.31350417879868525,0.5779955844767862,0.01690400549886986,0.9535445015591526,0.2986424870094891,482102626.65885884,0.35926220105909784
WMT,0.25859360315468227,0.33226744091399407,0.014194529838099974,0.4602943232768528,0.20685090427872,1728518701.2593627,0.3589265550306461
TROW,0.44525036773844195,0.7097969893538233,0.017000103297537195,1.177639958832218,0.42655445420742605,163213166.07048473,0.3581273391570886
LOW,0.29831417227170864,0.44338693065074425,0.014992742970048616,0.648770066022122,0.2520424056678262,635575583.6155044,0.3572062000146943
FDX,0.3835288711230202,0.4626135082877409,0.019826141090377895,0.8951242495829268,0.42850400840103525,489513838.24429893,0.3561894059799658
PPG,0.43822463313825605,0.5479925763896291,0.0157274709902427,0.8411247033817841,0.3883956106115189,218290582.83165953,0.3561104828069142
CRWD,0.2934982138754945,0.5633333424044196,0.029821491790393076,1.63953858520683,0.4932345174171821,1481011782.1655526,0.3560998940922786
PYPL,0.3253354587107484,0.5159045826103575,0.02410437766132202,1.2136462796142309,0.4419223410247634,902239117.0381141,0.3545048413399239
ADP,0.28312113085696095,0.44955635479561573,0.01208413575524168,0.530183926140439,0.19279977117254485,506171130.6781198,0.35415944546264727
NKE,0.35297845567895286,0.40426562686033385,0.023540734290851007,0.9287816835278764,0.4682597601184324,1051009733.2435508,0.35210675111730233
DOV,0.3974291331512057,0.6675010535367816,0.015505485990845742,1.01009950583334,0.3472671610468974,188384844.7055584,0.35193554517126635
RCL,0.36744683745272927,0.5745178108902971,0.0267616285676224,1.500523688346031,0.5541478936362061,519646112.1067802,0.3516810821260645
SCHW,0.27113189078503147,0.5002240566822458,0.01641681057245805,0.8014569164586993,0.2508349357622411,729626369.6627364,0.35131756301168743
SNPS,0.3438434331715757,0.545949197189357,0.030136702772871064,1.605738375705922,0.5839492480674661,763258620.308777,0.3509195839468704
SBUX,0.33779661013969614,0.42468010224999864,0.022668092517642683,0.9395149819377844,0.4315080456798248,933004891.6369003,0.3498203639142632
RF,0.3987670460249171,0.5946633966650199,0.017713301246511638,1.0280104656868785,0.3980497945151169,269412875.0681089,0.34955529484109954
INTU,0.2740306698346215,0.5035249977370857,0.020545863214220236,1.0096532528749202,0.3172796362532652,1100966454.11945,0.34784249851359356
GEHC,0.4319261825542119,0.5718572322650171,0.020621338707571695,1.1508833147976636,0.5019321576509075,272994592.5080876,0.3477865447109121
NSC,0.35545508130442155,0.4899426835775418,0.015777124753845434,0.7543970065666881,0.316032117319874,355901001.78960776,0.34692026584939456
EWZ,0.2620684353873765,0.43752733122360415,0.015011247981493472,0.6409863882699852,0.22169206540652722,734547291.8577328,0.3459393348982695
ECL,0.3561427897080402,0.42875519418002367,0.012638098901170616,0.5288322891961177,0.25364396887920393,306993427.7599088,0.3453233062903739
TER,0.403415318268011,0.601610946180737,0.03387141819496537,1.988730483309963,0.7700242459692465,375777016.2884358,0.3452410176546206
PLTR,0.27529464085228056,0.5220004065364874,0.041471537843209075,2.1127484976448723,0.6433784816397117,6180017034.352997,0.3427454820126699
FCX,0.3261538048545459,0.5511183365139317,0.027250018760907577,1.4656777219133623,0.50085024337355,669325354.0314881,0.34171243709480625
ACN,0.2761554923311538,0.4372352411833441,0.01858402764947511,0.7930157666238632,0.2892092387400877,1030088415.9793735,0.3410570806151602
PANW,0.2896542955822383,0.4905911180292861,0.025098928744885774,1.2017155669071056,0.4096885187805332,1235848227.1050642,0.3410256506290881
UPS,0.34080271436160875,0.38821138418484413,0.018567464284540505,0.7034734061871757,0.35659420117473656,628831874.2235969,0.3408883111556441
FTV,0.42313545891452925,0.602362769085955,0.01637087724931108,0.9624028344666954,0.39036422270059906,181238177.84554064,0.340417246625241
CTSH,0.35865678277898416,0.5355906711285783,0.016446205592108302,0.8596576635620816,0.33240182360210807,308756822.57489544,0.33967514690665623
EWY,0.30465794001852237,0.5830953846917161,0.016824610748299707,0.9574397394999087,0.28885251996343714,371396241.4798102,0.33893059494062366
IR,0.3909399639336062,0.6343678356133076,0.019291465785917873,1.194354367615546,0.4250048928239699,245914325.87444568,0.33700323495333895
SLB,0.31046068801843446,0.5097516127490975,0.020343340347609814,1.0120633399199155,0.35591600238729243,583728170.8054646,0.33676181839149744
HPE,0.3646137756802582,0.6050339987696611,0.026398042195667052,1.558756647653111,0.5424046773004977,377902288.74534583,0.3364725008575867
XOM,0.22026418569638692,0.3028339440352265,0.014127751570565183,0.4175460911309993,0.1753620329610549,1892175743.9713922,0.33596938776344126
FXI,0.26511996409740024,0.3726209637512277,0.018280889681650786,0.6648006460450315,0.27312307561751475,1346151707.8686302,0.33587998631727034
WDAY,0.33695960409623116,0.44240567886191984,0.02245129235019848,0.9693684002554845,0.4263220725711778,636253940.2514586,0.3349714090246881
NDAQ,0.34430654193604815,0.5743657304875408,0.01461742549088361,0.8193816407621003,0.28361865787742774,250869506.25236073,0.3344958760533158
PRU,0.3940693200679931,0.6308970398566986,0.016194995653325266,0.9971629774553508,0.3596433998543423,183149555.69532186,0.3336852721938179
IBM,0.2577211724708899,0.43419957234758993,0.018571369472630286,0.7869735604425114,0.26971969688905895,1085388755.2095706,0.33350154782538177
XYL,0.39212802387874957,0.6032929156064446,0.015109562215625276,0.8896248937221696,0.33388614377654297,175875948.58886945,0.33277844148300223
ANET,0.2772550739480244,0.5854002121357519,0.031894794525313734,1.8222145259291072,0.4983310472835116,905539335.709673,0.33267093018650284
FITB,0.3859595816075577,0.5720942110182383,0.01705563902778047,0.9522749699011681,0.3709611737603206,241749650.35134068,0.3320059628503585
CARR,0.35806690012796416,0.5661171251038855,0.02000982829049216,1.10554512686721,0.4037626783132618,332688283.21200454,0.3313493707217574
UBER,0.25791351896659787,0.4689211512376783,0.024606297966595442,1.1260895323423452,0.3576341810265139,1537632892.1969993,0.32867467210430756
URI,0.31512830011162213,0.5970225697847671,0.02311733386291092,1.3469619103615522,0.4105289478440169,442959081.55375427,0.3282775645363247
KEY,0.37617208427240223,0.5946931120995508,0.020296099897983637,1.1779648200670698,0.43024693926853835,275091224.3427026,0.32691995251422645
CTAS,0.3029258050625767,0.4778892467625416,0.013740875235397987,0.6408678347941565,0.23456828970297425,329148703.32952136,0.3264473836464494
COP,0.28006490285790214,0.4200296658990095,0.01846156444142089,0.7567898272135875,0.2913706629893346,711442866.3782552,0.32630714551625734
DELL,0.28646040522263666,0.5330524977529589,0.0365399594420668,1.9009244813634945,0.5898631926713851,1027391044.7689444,0.32628049273782633
DE,0.28826066168057274,0.4045794259618589,0.017492147306930328,0.6906750059109112,0.28414965916214874,636537588.2419889,0.32626785652131435
F,0.28846283454168853,0.4317175825133807,0.02173096252645017,0.9155994425037018,0.35325430556818227,821554596.6208503,0.32603741195851166
DASH,0.28927986607565076,0.5214880778069618,0.025635677341710114,1.304716038499216,0.41790891786035855,750138899.8516936,0.325377339175134
MMM,0.2998714533385815,0.49123251883993496,0.019640538835874265,0.9416019025391139,0.3318999272054294,516889538.90835905,0.3240984608037699
HST,0.4424859343822195,0.6182886488157483,0.0169805940981784,1.0246392177068726,0.4234196268135185,138529699.7802697,0.3229111681584479
CMCSA,0.25897658457800266,0.33637548645792187,0.0162008084397221,0.5318483863755642,0.23643720684631045,847630944.752101,0.32224331977255777
PFG,0.43707123620123367,0.6389249686574181,0.015882796678403303,0.990384094283692,0.39119909099749806,105401230.74730892,0.32136424184955253
AME,0.33195911947089335,0.5558152274315473,0.014057138880509294,0.7625251924184901,0.26296634720104856,227884178.22769645,0.32077262267376316
HPQ,0.42080419049213497,0.5059373648091822,0.02239278277141278,1.1056855697806276,0.531014961147427,267870376.54162282,0.3206646118379214
ROK,0.35985912429767053,0.6066073745741501,0.02109039783558864,1.248588348876217,0.4276967253328905,278845358.46386135,0.3197501644633162
CVNA,0.3015851839920689,0.4904422364218794,0.047525767528136004,2.274803164225561,0.8077143071365719,907390677.2459471,0.31938714748285363
XYZ,0.3141302095980754,0.54448621648449,0.03297077378470618,1.7520352916788695,0.5836567035647596,591348478.5841485,0.3183183690383441
PSX,0.3369284220446487,0.47598774342384614,0.019871518524051262,0.9231104044991536,0.37730046301570386,372079423.5143185,0.3168903809985421
OXY,0.3143337581379153,0.4101339950906547,0.019797790439867548,0.7924453322092366,0.3506924225239982,522590704.1387597,0.3161570288724289
SYF,0.394192435677316,0.6435051109408807,0.02351798980475224,1.4769949775911613,0.5224288094168544,228655212.6322903,0.3160241161175846
COIN,0.23625871224380354,0.5085659884555235,0.0510298757770374,2.5327868556025037,0.6794085028849285,2724735354.1875377,0.3147814717885737
ARES,0.3557222643619034,0.6728178587511627,0.023964519569582586,1.5735953283051725,0.48039492334074163,264052618.37528533,0.31347182435003246
MSI,0.2830411705381297,0.3907967275316263,0.013297437627196259,0.5071608259458352,0.21209782147668765,364238097.84345645,0.31322268819249305
GLW,0.3237091135085949,0.5310226322851395,0.022332108559645163,1.1573629668153806,0.40738336488894883,373845949.6516487,0.31203814080294834
BBY,0.4199738544490749,0.49889466159329604,0.024292311504004318,1.1827814876129652,0.574923061958096,268151901.15045065,0.311685580311085
CMG,0.2727885180790869,0.42660310733965867,0.021970525671431325,0.9147265459061058,0.33774207622151337,743291743.591788,0.3107201161095694
INTC,0.24511629536445378,0.45427135228294246,0.03818997336198679,1.6931347582499547,0.5275215111026664,2462476141.885719,0.3106200970218869
APP,0.25181951047205625,0.47114111015227084,0.051804656948799536,2.382026689682977,0.7351514390986537,1850551634.7310135,0.31001581321761673
NTRS,0.4102578439759586,0.6220616746148684,0.01697789476104802,1.0307280680586555,0.3925178079563386,140121531.3691342,0.3091224087434137
KEYS,0.40643319480220186,0.6220126028787029,0.02279699042583799,1.383896214141552,0.5221380250261906,190981109.2013093,0.3087709504375745
VRT,0.24190527808801685,0.5897059331361534,0.04094109675261638,2.3562522925997604,0.5581146867507584,895956371.4548221,0.3087018535944503
CDW,0.38624888292236326,0.5633923051499659,0.019539502669260148,1.0743634789974257,0.4253039108445116,217674393.81050915,0.30737358311944707
TGT,0.29723621708313125,0.37970465893750616,0.022686172362825233,0.8406863065760694,0.37999824166992835,704561365.1646034,0.30693251327845605
GWW,0.31158896222674226,0.4885470011956205,0.014786430003223239,0.7050119912254849,0.259635474530336,267569285.79229048,0.30551086215528755
ICE,0.21797778717513946,0.3879875733733372,0.012265212742611385,0.4644294187066952,0.15066277395172004,471115515.3450111,0.30526005573169623
DDOG,0.3016709369197289,0.46772223895365433,0.029589859388388595,1.3506963974932766,0.5030312986532041,625800481.9656386,0.3040657801249409
WDC,0.2623016755689157,0.5470747739540421,0.03310111697062123,1.7673239331330308,0.48928550272083293,702289704.3952326,0.3039165779155804
NDSN,0.4170449118096954,0.6358665349928341,0.015958309903814503,0.9903294268254925,0.37504929703893497,75568359.9602634,0.3037585901285454
NTAP,0.3815395663206173,0.6074947491987202,0.022272009970336737,1.3204706756731084,0.4788699976508887,216178996.83218232,0.30336820943984333
XLU,0.13569063914360463,0.35400739419399324,0.00989140386930598,0.34174100170240007,0.07563563493087895,912025761.2131348,0.3032192242395713
DVN,0.3621580357848581,0.4675975234375684,0.022069446501667207,1.0071414351069012,0.45041018396058813,321938497.43535644,0.3023472136794192
COHR,0.33940511196014633,0.6108564342251679,0.04210514982308807,2.510158758764238,0.805326945542879,357193863.0229866,0.3021705269437804
DOW,0.38185816841560216,0.49741747861829894,0.024643950366565793,1.1963498167380822,0.530311499701071,295732987.25969243,0.30158186439917467
LYV,0.3214465987321522,0.5124976359250859,0.018780292130308907,0.9393361365352909,0.3401964775410195,308640410.5815105,0.3014427218390514
WBD,0.34333224970855775,0.43238034185041524,0.0343560286606397,1.4497586782715497,0.6647160877293302,508087323.2247868,0.3003760501179047
PFE,0.21254079964910982,0.25970574647339867,0.015704049343420835,0.3980338713842324,0.18809298368022714,1178609926.454531,0.29992184580335335
A,0.33929934214170193,0.546585180270727,0.018204502674950523,0.9710989657515655,0.3480811225495554,243624990.79263797,0.29938555529253563
KWEB,0.2764909209335745,0.38217048786951063,0.02248114693962576,0.8384987725029175,0.3502821232331107,706275675.7233752,0.29844919154854277
AMGN,0.2483791081307483,0.2861856310245622,0.01741436084949697,0.48638725257054044,0.24374809879228423,825215405.0363085,0.2974825266926251
MDT,0.20434404984769464,0.304977714046992,0.01269450731017302,0.37784247301127205,0.14618286880824705,616579646.1969401,0.2968499412061951
CFG,0.3509161443327587,0.5993675254061768,0.019987812207475378,1.169190530285908,0.39526398388812184,216006756.39067385,0.29498253710799865
HUBB,0.32138871358979976,0.6616303546722764,0.019351124225583827,1.249535050454775,0.3504737185230265,207966757.96011814,0.29424206821801135
MPC,0.2953113790431882,0.4324242225585254,0.020411702286833477,0.8614221978250072,0.3396863075908494,420389147.3674316,0.2941754380472608
LULU,0.2774729501833043,0.42069201116667915,0.028553032995653125,1.1723123288447066,0.44646922986174575,733865791.4281651,0.2940790658066634
PNR,0.38209215918374323,0.6283057491732739,0.017295220359722228,1.0605324306686301,0.3724027331718885,138788664.15745282,0.29314702000244264
MSCI,0.3126126349629559,0.43797891818251644,0.017584018262457903,0.7516196972331639,0.3097728043587299,322110647.78051466,0.292593200594421
ZTS,0.263003043351411,0.3750569582639238,0.017092004479652548,0.6256292503536379,0.25332170719764224,486549705.7131473,0.29237678767403996
IBKR,0.3347438274452803,0.6336504661461319,0.02396195862972762,1.4818317400879966,0.4520157064818415,253269590.3343546,0.2914842059047461
VLTO,0.352555330907899,0.5115643394435756,0.01334609821153452,0.6663177756956131,0.26515525374767007,148937452.91329628,0.29080693822922654
BSX,0.18130953340315142,0.3985478410269719,0.015546800386927115,0.6047116054357863,0.15884746811871375,686367863.8677741,0.29078318307450934
PCAR,0.29444318284593485,0.4985236468474904,0.017338051796466324,0.8435539815055181,0.2876871301881189,292136454.16535187,0.28846209740677614
NUE,0.343471006657679,0.5177322634626069,0.021975172707571097,1.1103613771896135,0.42534468872850134,274391916.0701857,0.28837096125696293
GPN,0.3843507399707498,0.5074626640566062,0.023608608463869443,1.169233648138065,0.5113482164089024,241362170.75948098,0.2877342204232233
FAST,0.3056943490767753,0.4426820190778243,0.015322573960439163,0.6619884750581431,0.263959788187678,262914898.15366328,0.2869333165738478
IVZ,0.43647043160231147,0.6631734704956691,0.02230798512549634,1.4438241803897185,0.548698544949683,90119017.64019051,0.2868210442807433
MTB,0.3276362956839696,0.5412253746397647,0.0168606365743923,0.8905923028871771,0.31130393382532706,202610949.4235252,0.2863738684941961
SWK,0.4495419585421818,0.5652993718292831,0.02476501398406751,1.3662931803165288,0.6273753415863567,147518140.41797054,0.2861729129737713
ODFL,0.34411206541393663,0.47828307520008567,0.023930770071637072,1.1170394397920627,0.4640611464610036,314662382.29906434,0.28603725507682837
HWM,0.2675288197142811,0.5585446292819413,0.021698788017553507,1.1828241347999964,0.3271332473995184,358200926.5527235,0.2859619919089913
EXPE,0.3221580546732448,0.49479240155871,0.028395385001391663,1.3711898926247978,0.515507976882594,367570194.72377867,0.28569195791014457
GD,0.20035140306363025,0.43197573917809096,0.012733336322274063,0.5368196280125164,0.14376502113280165,368120426.77392024,0.28552372894858513
LYB,0.380509591655603,0.4950456668591591,0.02189402797064567,1.0577858477867907,0.4694722335830508,224738466.20823902,0.28542448766385664
EOG,0.24932994270366055,0.3899942049251535,0.016554353693074283,0.6300821898189845,0.23259763862368318,418462320.0515733,0.28381564479759397
NCLH,0.35873191233494184,0.5250912517735657,0.0332001470118011,1.7013811224471762,0.6711640000170652,294494772.42013186,0.28263900582410384
EFX,0.3484867563303563,0.4904405780513705,0.02166273609320306,1.0368752898589897,0.42542031152065013,262104008.8631875,0.28245365782431786
GM,0.23756937240824763,0.4155596535873645,0.02183514171653623,0.8855563686820066,0.29232442197438474,626510255.1552982,0.2809542085446334
AIG,0.25200622961337726,0.39731647983396357,0.014765045197177676,0.5725299100152377,0.20968370978135784,338641493.7362163,0.2799864805815093
EQIX,0.22118425237927236,0.42632656142174546,0.01701325140721578,0.7078749292333508,0.21206068369268302,467221824.42734134,0.2799761121214548
CPRT,0.27516529835990794,0.44826749164828666,0.015492081707751312,0.6777567382657484,0.2402271430458547,283057637.1987412,0.27994120859163574
NWSA,0.3878152288541384,0.5450955363408608,0.014898566968757788,0.7925815224276206,0.3256026949257905,85170545.8665534,0.27971555241077367
MCD,0.16723321864674026,0.18091674753406856,0.01144830627875644,0.20213747266793688,0.10789030538667009,1009284780.3769265,0.27966034277433743
PAYX,0.26457883800074916,0.4141697265603165,0.014359611654827803,0.5804273472715971,0.21409988493004012,291695505.1035982,0.2786486697225601
RJF,0.31548089869654333,0.5861320590161646,0.016674854729216912,0.9538593813210174,0.29645157538866335,175625657.4058011,0.2781082224080491
TDG,0.23349263719302527,0.4793727477916481,0.016788571155424245,0.7854415951743687,0.2209050073337983,363408352.83240354,0.2780658943328528
MRSH,0.21298205714152518,0.27738060172855145,0.011798729946526771,0.3194023941063777,0.14161097490881777,442621342.831215,0.2769758749199633
APD,0.2626670816521095,0.3806515746407293,0.017890584088244108,0.6646285154075436,0.2648187935577462,394719637.4286052,0.2767483234679877
ZBRA,0.40407319350216614,0.629177402072216,0.025100352605433786,1.5412736669960865,0.5715556163269911,149403722.2673201,0.276388656572158
ORCL,0.15871954433273236,0.47368256796575625,0.03174669916400549,1.4676172215629595,0.2839537567327472,2658951234.711727,0.27601600652740577
IBIT,0.19013748302871428,0.39785007742155315,0.03241719073234959,1.2586982934332243,0.34734555941850787,2235864145.928539,0.2748132770684758
EL,0.3442678635443737,0.4328593036262786,0.030036723209767354,1.2688962945138653,0.582730394781846,350293622.18460673,0.27406355864054904
DLR,0.24518471947595652,0.4976720220224407,0.01673184601496001,0.8126693969762273,0.2311829992119901,308865295.8464307,0.27361018473583465
ALB,0.35608175608179166,0.4683493506379082,0.0381615129226384,1.7443046024477056,0.7657622295531472,315983959.6771134,0.27310690872694177
MGM,0.39556493093126593,0.5608919694705125,0.024885135341962406,1.3622162268699145,0.5547233196395615,167990791.93372074,0.27243904435100946
STX,0.254453087244847,0.4725738245526699,0.030493551172028115,1.4063858451029951,0.4372545752355685,538031870.2376628,0.27235212877728554
FRT,0.37606243740167833,0.47820571250953614,0.013106521346168472,0.6116866738892203,0.27775765053036616,70637899.25478725,0.2723285566652246
MTD,0.3469808669319967,0.5353105925272178,0.020468685982941288,1.0693567637430328,0.4002341346292997,190179464.81640264,0.27095394813200036
LITE,0.267210156460925,0.5444593525763346,0.04418610180671289,2.347891218280055,0.665360913020092,435563682.3517332,0.26989659970558977
RL,0.34780995226239436,0.590851024048041,0.022924606471668312,1.3219246531012854,0.4493270125859544,185114180.69975,0.26956209193556985
TRMB,0.35725170286976815,0.6997598622988569,0.01916216535747311,1.308640726015755,0.3857780604973144,99588150.32218538,0.2695376842785997
BKR,0.2703735614815143,0.521313520705363,0.020238021933787088,1.0296600702389387,0.308354945579222,302091469.3958903,0.2692924168190025
CPAY,0.3612908334691365,0.5927885174344178,0.02163427429672622,1.2516097410505522,0.4404715969632277,158270053.21246022,0.26831306786543085
TXT,0.3621969152651569,0.5739308274233771,0.01640173830580527,0.9187053618614783,0.3347751858323539,109949480.40470399,0.26831045208758547
LII,0.33167903606486887,0.5315102656439424,0.020272275604988937,1.0515767586985327,0.37891269735416166,203394085.90582603,0.26830212962544636
PTC,0.34150883171463153,0.5561745125037594,0.018284630894377134,0.9924853406874385,0.35188987537993044,162604510.25644186,0.2675041525640013
AVB,0.31237399291274826,0.44546971672473995,0.013066687123940103,0.5680813062109186,0.2300165024593645,160590889.89444527,0.26657238831790153
VLO,0.2517097554698986,0.40305235661138616,0.02165660916687391,0.8518806310587588,0.30719146206457365,445940549.8047072,0.265627652722148
WYNN,0.3698981421893697,0.4842448752443612,0.023340327983421064,1.103059166604697,0.4865278875466638,204992494.89452904,0.2655676796514105
MLM,0.23521746187817524,0.5186356171714004,0.015174191559374406,0.7680592449538042,0.20113782794290153,253558631.41458622,0.2653149119649908
STLD,0.3453318388719589,0.5390110537666516,0.021878942025363692,1.1509350320049614,0.42577638758812475,187866244.71296075,0.2642377636971632
TTD,0.27076207976048516,0.41439567559839247,0.038321455210688964,1.549829872129766,0.584720699032804,541825083.1707494,0.26363539315000833
J,0.3554917679034578,0.5558899445571762,0.01638699190464204,0.8890268500355254,0.32828226534784677,111677732.95223372,0.26292038246176797
HAL,0.2991831664462604,0.4755089145139332,0.02309719785652456,1.0718765704930602,0.38941715820496164,301754243.8465323,0.26197085303691164
WSM,0.3306327629102152,0.48680580667029144,0.02950221718057982,1.4016423977762158,0.5496916959723366,282752456.00527555,0.2612813822307017
VST,0.18291055788068714,0.5124739636665641,0.03935772345467948,1.968469073130871,0.40568353179847705,820152535.4486334,0.26114029854974713
APTV,0.3516129799058153,0.5140737273875388,0.02367617166973411,1.1878557643420984,0.4691319521123978,204347223.5517604,0.26099470837980454
FANG,0.2827964346165684,0.43767353639531004,0.021692544297842658,0.9265899838385607,0.3457029272612609,328323047.13524413,0.2605210572225992
MRK,0.17241633530236852,0.19791157243509422,0.016634388683336335,0.3212956566094578,0.1616232700095449,1204284038.6815622,0.2605199760300007
OKE,0.24572549421398984,0.47868656257067127,0.017159582348359695,0.8016499499740256,0.23761593649881713,290047442.1898325,0.25926323588639966
FFIV,0.34576784101635044,0.5529395700298003,0.019464170365950932,1.0503653531979418,0.3792618242414026,157210429.29479912,0.25903902474101137
NWS,0.3621723317261127,0.5406008571507545,0.015152729818458032,0.7994557486502691,0.3092607344964441,25695846.283200487,0.2590143652164184
FOXA,0.3549676459808147,0.3994801811156453,0.01682393790375492,0.655918250488249,0.3365387377113707,173075788.50544068,0.2580779394927685
ULTA,0.2738789122615412,0.38419946536725186,0.022736875096885854,0.8525391907782115,0.35091990621693575,380560675.62598264,0.25793292686565206
KIM,0.35562115230046715,0.46151790554452543,0.013848531111972696,0.6237622478392714,0.27752999644688775,99330071.81044312,0.2577232323027687
JBL,0.31268331866939697,0.5851811537700619,0.02506575535064763,1.4315217390129553,0.441676348266666,222863771.93534273,0.25749656373618024
BDX,0.2282481866725568,0.2937452965139275,0.016161231889630406,0.46331056467039045,0.20787412395198543,413653730.8681086,0.25559566572806913
IQV,0.27637271846627026,0.49225683962200845,0.023136433863447593,1.1115141583523405,0.3603381332798235,305171957.3175822,0.25496233448737976
IEX,0.3375191058343898,0.5389705040288494,0.016129491791032857,0.8484231349901541,0.30678751377906277,115551100.236342,0.2543896048573453
FICO,0.2824908661959736,0.41196321846944034,0.025729395749606882,1.0344627329824014,0.40959309964513674,369842800.7323993,0.25417908900827973
LUV,0.3015429049424813,0.447187201688797,0.026112443172116244,1.1396295290807936,0.44372638783393986,318351442.10709804,0.25399597832383425
AVY,0.33786396416018855,0.4439684257180578,0.01369246728698724,0.5932812417827059,0.26070071339123213,115400603.40915757,0.2538862256879292
SMCI,0.16604690389444615,0.3725663953470306,0.06337918185528077,2.3045022094184087,0.5930564657182651,3412466082.5684037,0.2538718095506606
MAS,0.36202171546791195,0.4912540453204103,0.018223976465763257,0.8737277025980451,0.3717888851283331,143571436.23096517,0.25343269646644995
RTX,0.11466571884389355,0.3217001943081832,0.014572949948391355,0.4575363641586617,0.09416721049156167,739586723.3729646,0.25308651084902845
CBRE,0.2902969516871169,0.5076500746178401,0.01925108838270826,0.9537763786464007,0.31493171456537455,220978879.04186144,0.2526121731405994
CEG,0.18084300540969078,0.46390316344487387,0.03679138218909992,1.6657133179952275,0.37494403949294675,817002371.0241054,0.25178852282837516
PG,0.1313873958354671,0.06616959595663942,0.010867994400434487,0.07018344935068394,0.08046772906995915,1247583319.375867,0.25135344607939303
LLY,0.14548152778021725,0.30241131565580937,0.023320459267629753,0.6882749394147555,0.19118930147290994,2951909124.5640893,0.2508495540718813
DECK,0.27981403770739477,0.45107867477138885,0.03105745847931235,1.3672408616661293,0.48972699704043915,364045348.8646911,0.24984352169628227
PWR,0.207327702255885,0.5779421222547546,0.023223764365747336,1.3099170197349457,0.2713367289840953,352872245.18121237,0.2490952075160662
PEP,0.14963700884917652,0.07319227819551634,0.012894013284936567,0.09210436205345135,0.10872909316898408,1076895167.1077793,0.24844474365880498
FTNT,0.22782493740741497,0.44103864260608433,0.025435223826916847,1.0948106835460774,0.32655433816193896,452205686.5120047,0.2480189755844357
TLT,0.07997141144825382,0.07289542047709624,0.008111142613094126,0.05770442303028943,0.03655404421008371,3490818577.742103,0.2477585070970331
ABBV,0.13675045460459928,0.21000587536716464,0.016108455731350772,0.330150662696244,0.12413702151264695,1159646985.5432422,0.2475491772448425
EXPD,0.347543038033363,0.4137366514801268,0.01715837380998144,0.6928304081414035,0.33604957653815737,161613194.47107226,0.24709476554307333
LVS,0.3043070808143796,0.4305275011016502,0.022865428357135325,0.9607426273066284,0.39211191017899777,273497332.44228995,0.2468105240481132
JAAA,0.23302644397414113,0.30800582253824615,0.0013077330401751921,0.039310162861303524,0.017172872221521963,237167287.2436157,0.24635173378965872
TPR,0.29154928444069994,0.48694161364119387,0.024940466047292043,1.1852453916172954,0.4097653002634654,277932591.28934896,0.24630432620513326
LEN,0.25565765895896764,0.32360805363204526,0.02152474516336824,0.6798046955147647,0.310109778270418,403371489.2308242,0.24612810163695747
MSFU,0.4073277838090263,0.6488657288489035,0.02999667092653093,1.8995674345368658,0.6885503879336372,25682470.11137943,0.2458279626306638
REGN,0.20954022603015712,0.30600535559295233,0.020905456787471067,0.6243318761217199,0.246857146009876,603915949.6705625,0.24572685603593775
PKG,0.3016717241234434,0.48018201870152705,0.015271980682993729,0.715695158498786,0.2596262530987379,150669190.55940413,0.24460350489452276
BEN,0.3691721538402516,0.5423850529980331,0.019027566568284415,1.007204791109399,0.3958501552283323,98630388.27062844,0.2436739077640605
VMC,0.20846374825922578,0.49424488705808683,0.01568619160301785,0.7566351640870153,0.18427511547872175,247594929.48149505,0.2426969073876526
ESS,0.3207253377629007,0.4478731549972138,0.014435614871217674,0.6309822454798947,0.2609078778478699,118509645.58079803,0.24103677632068368
EQR,0.3046233616129044,0.4360021762957012,0.013729074362162648,0.5841935189346518,0.2356801999580827,132100856.40569183,0.24090827662405667
UDR,0.3211391884235422,0.4372828582185643,0.013488598987856077,0.575646828995403,0.2441061848453496,101467936.76171152,0.23999824264431469
IDXX,0.2676026966610464,0.44135378335733694,0.02307505082137003,0.9939312381009644,0.3479779986473536,299312342.62579674,0.2388260317035613
TSDD,-0.43212283034382254,-0.5935960303745726,0.07794232802377478,-4.515347525297295,-1.8980131613778364,73125318.36589657,0.23879458285241045
TRV,0.20114069345144042,0.30713639661671854,0.014233299873523024,0.42664209602128067,0.16133335924053802,332707879.9584239,0.23878645676459623
TTWO,0.22548208468010913,0.3785553248310219,0.018372458684212393,0.6787712812026039,0.23345219144413265,348765636.7614041,0.23871388741097094
OTIS,0.2416664572400716,0.34277702059104276,0.013673745100738224,0.45743142784452906,0.18621835653096372,233961586.85136184,0.2384287723543002
GILD,0.1703018163914153,0.18998950080810706,0.016592910171800927,0.30766563067656333,0.15924304606987816,733356750.3614161,0.23798301429101146
NVDX,0.33249778713022593,0.6614937719699688,0.06402704877383796,4.133482125864483,1.1996950797130934,161927858.0850333,0.2372911034564889
YUM,0.22560146103971823,0.2700430630337268,0.013320269414877404,0.35105313404469723,0.16934545726168165,285006182.1074142,0.23714093125923974
TRGP,0.23841127178906346,0.48656130021632343,0.019332873322165652,0.9180382761543686,0.25974178690223926,264411371.1993882,0.23711126417514375
SNA,0.3116236080098698,0.4932785040884047,0.015185658094318582,0.7310593366648622,0.2666751839282037,107597780.36243488,0.23439769679469263
L,0.29722448392877865,0.45657389106968377,0.01138851304265934,0.5074636240733214,0.19075250038693387,65771417.009907156,0.23381881773504506
JBHT,0.3387880229839428,0.4465235573791883,0.02195665543762074,0.9568357268019432,0.41919188758667836,172495965.93149012,0.23374235298526108
CB,0.15186229838508278,0.18482466737313555,0.012075546884538314,0.21781789762727904,0.10334165470581523,471480459.125162,0.23261685055547565
MNST,0.22025517354608096,0.18786695546921048,0.014641538107625732,0.2684503161208184,0.18173202032923777,368537487.76585335,0.23251773179358415
BR,0.28370717497434117,0.43353962258779477,0.013662981789863766,0.5780975181622614,0.21844114435038967,135603890.0959318,0.2324009535405062
CIEN,0.27440540694635557,0.5468739396671878,0.033973544972924256,1.8132384269582047,0.5253541466620718,255098079.3301432,0.23034712491446876
AON,0.16535250615951425,0.22650872439466002,0.013858576637247835,0.30635881592314174,0.12913621222816282,418953645.84427303,0.22989771872657744
FIS,0.23413076351856782,0.38407720865623524,0.01693231539399075,0.634690073788931,0.2234052964154971,269390205.2033472,0.2298319578709847
TSCO,0.2350397436983256,0.3485205313715592,0.017192357178976252,0.5847774443427807,0.22771695316007085,292089131.8873619,0.22893427480759332
GRMN,0.3169899443325105,0.4790678387561217,0.02247414589580891,1.0507684695350854,0.40146465474852205,175629998.94601396,0.2286540896556995
TDY,0.25716495300459885,0.5167171717909165,0.014949171809631356,0.7538706714951047,0.21664444072671027,142092348.9365724,0.22843550946432215
TMUS,0.11652509312162253,0.15026673159298426,0.014996661309764247,0.21992988331668062,0.0984765162108345,955218118.166457,0.2277574286560224
DHI,0.23329576322184473,0.2714022429726772,0.022552078588617772,0.5973471954138053,0.2964913737681178,460803106.54490644,0.2272983127534508
HIG,0.2313654446582539,0.38090402514961014,0.013168534744954757,0.4895305909236825,0.17169378866901658,184517358.2617444,0.2269420613904626
NRG,0.22915428819530395,0.5243675616474741,0.02979673422745368,1.5248646798385186,0.38478248066815623,313066563.67692363,0.22660597928927592
PSA,0.24030742754664597,0.30416464233473345,0.014547885278432557,0.43185247790797354,0.19700883202781974,243286007.73126456,0.22618734032054894
FOX,0.3653762002537884,0.40925015903611595,0.01667152228267276,0.6658722777179163,0.34326865350689306,59045143.244495146,0.22492207608769507
REG,0.3039352731391243,0.38885072252650893,0.011593922843766561,0.4399872952703979,0.19857754857198115,77936897.66919176,0.22450217898062308
KO,0.10276646465058142,0.025539552255870037,0.009970709344189454,0.024852275293762067,0.057742569647405886,1055319914.3655096,0.22420492986197957
NVD,-0.336303427989297,-0.666343887863305,0.06382113449786923,-4.150398129511184,-1.2095238834663435,130881757.79136379,0.22358454043292908
WELL,0.13301401481943093,0.24422165640385624,0.012858944938367894,0.3064900142586628,0.09638764580320278,414671611.3497003,0.22355378197146403
BXP,0.3422971088548641,0.5057976601101658,0.01963090441412927,0.9690449987968216,0.37867111079954735,104705229.22688834,0.2223953464843692
DPZ,0.2339179570596312,0.3440643454370808,0.017436737749042936,0.5855065070773179,0.22985154766276153,280869796.70984405,0.22224654220710957
CSGP,0.28230441194459366,0.40044152939558597,0.021976072149797157,0.8588473972246041,0.3496120331193926,238417290.85308364,0.22193859213064615
BLDR,0.2925117798965127,0.42529078182079505,0.02869072051910747,1.1908422774596557,0.4729371715153504,255337926.18951568,0.22188996254278182
GDDY,0.26980285142473526,0.40656055965198606,0.02001470945577399,0.794147834089987,0.3043087635851281,225822650.68327644,0.21987845910873344
LH,0.26043213692802913,0.38014662690282197,0.01472163749300538,0.5461778466741478,0.21605749083085343,164869398.75587562,0.21985795928960514
DRI,0.24926877616901316,0.358550305159234,0.01705009140019667,0.5966279958591538,0.2395042515241604,237888698.78967625,0.2197301384706291
OMC,0.26715082367889675,0.3788882717350202,0.019532802329176206,0.7222749242518315,0.29406254179093644,238107384.5667192,0.219126190095702
HAS,0.3457685447376565,0.45835858464793555,0.020489746112567167,0.9165766029836998,0.39924611008917327,121460334.37311028,0.21883173100871206
SRE,0.19108939986579626,0.3556388788293721,0.015985522448517267,0.5548337709938846,0.1721401057543646,291752663.646019,0.21867945650156487
ABT,0.09202666273617315,0.1553998317923588,0.01348842768721592,0.20456846789870703,0.06995095293767423,768016259.6249846,0.218629074340869
ALGN,0.3100319576542699,0.46044400283721865,0.028918745050993604,1.299520346139897,0.5052479258946528,200381470.74464244,0.21795992773663803
PHM,0.2823116663046441,0.3743573344633098,0.02109679235636554,0.7707785051387881,0.3356324073961035,231843991.98077303,0.21724894053364024
AIZ,0.3170385610291112,0.42627084084390726,0.015258335874070661,0.6347747109850153,0.2726075583502529,78267978.49269451,0.21689735793290074
STE,0.2847231165294742,0.38170486404503196,0.014449436932468095,0.5382765226687923,0.23184209189236346,132423964.77316752,0.21486308953796687
AFL,0.20640438772000969,0.30538477392464297,0.013179034358271932,0.39278761929588524,0.15329258564071124,225534676.23131236,0.21384284847041335
RVTY,0.32736361192780195,0.5087223394156022,0.021489133773455564,1.0669069366599189,0.3964313098972047,111149195.47400625,0.21307025290461307
IP,0.2647802830929965,0.3867751191420394,0.02293105837506242,0.8655844556490739,0.3421593217023321,258582457.66331643,0.2128865266314506
NVR,0.2790336649272966,0.3401200347126487,0.016152608388832087,0.5361689980016916,0.25399075059940096,168745820.21042123,0.21260192143061082
WAT,0.2889275268879156,0.42842148195967744,0.02267152940887708,0.9479356962517863,0.36913767526366137,194286571.28101286,0.2125215327852825
CHTR,0.21330645032283668,0.28793686318726963,0.025586041047600608,0.7189971709821532,0.307557070172495,464992650.74998784,0.21118649657723176
VICI,0.1967592120693209,0.29636956056255004,0.011652531675099866,0.3370394276042142,0.1292034174977405,219478107.01717687,0.21018405915938687
STZ,0.211884615070377,0.22359133942044535,0.01762161636883352,0.38452762005721897,0.21040875188701919,361074275.0702299,0.20982287908419905
NEE,0.10890257451183143,0.18510065739313367,0.016728414978123166,0.30219660066553733,0.10266243821037227,796454150.6772012,0.20979602606438535
VRTX,0.1259252075069014,0.2714620811334945,0.01886836608939135,0.4998852109606483,0.13389538346801255,630947670.8899535,0.20940161683878833
CPT,0.27031971222988305,0.3831775194279375,0.0135115679959489,0.5052805638181049,0.2058268851676158,112839330.49350393,0.20882851881379252
IT,0.24851003850952316,0.43840195742466065,0.023818762729221715,1.0191039924173118,0.3335659938720283,247452103.04675993,0.20861952941334116
EXR,0.2717074413511363,0.3448247988270231,0.016276142563057514,0.5477429505485529,0.24921355029805045,166821870.1645377,0.20761100155790121
CTVA,0.22563286478317016,0.3869305894145698,0.017636919696864702,0.6660128716817925,0.2242558232950652,229032251.9843456,0.20730551711568582
PGR,0.09218746382125814,0.1790923718667018,0.014891834957076504,0.26028678719019976,0.07736396429801745,684403538.2312175,0.20686857626651745
SGOV,0.05023534721636667,0.07650396658026343,0.0008042526239721347,0.006004865160732182,0.0022767771761039416,898802324.4748876,0.2063870533116706
HCA,0.16058954754479607,0.18278491977745184,0.016740120766190685,0.29862472953369795,0.15149367306568096,488622634.197496,0.2062060334695987
BIIB,0.2549097956280644,0.31620318953506854,0.019149751663359117,0.590957451173024,0.2750858841117679,245645892.67631856,0.20535522158492026
RSG,0.15566426467134992,0.2749611330105719,0.010729520867534483,0.2879243914795343,0.09412129359510263,263870001.37040848,0.20490114776850488
KHC,0.20967507461378335,0.1364104163788801,0.014632884117197171,0.19480687876375152,0.17290015147650706,329535788.6905074,0.2048944896926153
ALLE,0.25977980745520324,0.43422308627056844,0.014980583355344036,0.6348460992400085,0.21930712939174754,119394154.37770428,0.20451811609515336
APA,0.3185249643715665,0.4397645064816572,0.029091509779469296,1.2485710337186382,0.5221897834951733,169083439.2407805,0.2041089262395318
AMCR,0.25511174366909156,0.3137080204127775,0.01588121565676416,0.4862237692063345,0.2283141502310146,177964006.14536786,0.20216484066404716
FSLR,0.1998689756865472,0.27434418736989563,0.03722455832954264,0.9966717228357477,0.41926979345255894,548949093.2447408,0.2015747040258042
SYY,0.19533150327622098,0.23885608482948828,0.01339802333364439,0.3123229221671167,0.14747949997344725,246935085.22046664,0.2014579110123851
ORLY,0.09783821482514639,0.1840612240484393,0.012987236460580434,0.23329523790117962,0.07160509116214181,466932774.4193728,0.20126363843517556
EME,0.20434953167583075,0.5751850742115152,0.024876362727603657,1.3964368756980645,0.2864700090016933,218993440.12092406,0.19975977369941567
WY,0.28210855571325755,0.3874329049790434,0.01608987223482523,0.6083813869538514,0.2557923119517526,121650629.97485106,0.1995181712433624
SLV,0.11132341986233707,0.20993448030625314,0.027325732703476862,0.5598638294157312,0.17142611758847387,1579018934.0451667,0.19904476655088338
GEN,0.29379588684989816,0.46960943336395855,0.01888544528093578,0.8655474108114993,0.31267385969850986,110932684.53143431,0.19841145313439001
WMB,0.08036420649207415,0.3831543848057695,0.015081168371490929,0.5639435174105486,0.06829930489030094,367861531.0161238,0.19761577252830792
GDX,0.09664631863267664,0.24331846571899704,0.023479213451844918,0.5575520712866143,0.12787554398032103,1170143771.86133,0.19698685246013775
TYL,0.2925779066199779,0.3594377574018779,0.018912548689060418,0.6634383545447908,0.3118244906095499,156264503.2656178,0.196186975994553
EBAY,0.18643767655997945,0.28488106918522754,0.020794597873608805,0.5781505421087032,0.21847555064446877,366501739.2035415,0.19609383047654655
FISV,0.16461918446106935,0.2672912461378252,0.028157153393423062,0.7345143801051117,0.2612088137200189,603626936.9820955,0.19510466519282926
AJG,0.12330047079350481,0.207356518007604,0.014707703621444457,0.29763868791047576,0.10219466839805502,387121041.80181366,0.19369745522863968
KMI,0.07495363751040249,0.3808166223519224,0.014131552657015113,0.5252095302917552,0.059689951968917423,343072260.4070896,0.19322129505804647
CINF,0.26731618343490476,0.39349626305392477,0.01457990025914219,0.559914849415315,0.21963342756182766,91208298.11114101,0.1928110965097382
WM,0.09943574500311991,0.19354460341552288,0.011845036985233799,0.22374034723162403,0.0663739383026143,374185795.3607161,0.19278979492986523
VZ,0.07992937186020203,0.04047494982505278,0.01406330735148521,0.05555211619578951,0.06334502363806782,904421708.6869725,0.19273681376596674
PCG,0.16005868209927834,0.2822675717706701,0.01642325886379308,0.4524255736330439,0.1481348387868317,318530921.74944043,0.19267831788195816
AOS,0.2750289240399935,0.40637357719044637,0.015473629135587752,0.6136835271057144,0.2398220923593923,88180552.04285076,0.19208760677745776
EW,0.192030742998716,0.28536681854753315,0.021272503682719532,0.5924461767645555,0.23020142306088945,345367766.1707789,0.1904360301477826
ALL,0.16528912032025225,0.24555529200410586,0.01533534085117404,0.36751033070584466,0.14284213600743448,301590873.15395445,0.1903943620164447
IFF,0.27556262331318465,0.3692568434831611,0.01727253121388394,0.6224598722651359,0.2682223300669847,143269592.97215572,0.1899921916970291
EA,0.11928560933198791,0.23222360418780344,0.016185684188803742,0.3668294913845101,0.10880221826765743,416591570.4076573,0.18968263894160003
JNJ,0.03083456060999961,0.001663673881558941,0.011198175043374623,0.0018182025838827534,0.01945824423441504,1367717513.4448237,0.18957200461010743
AKAM,0.2586204168449798,0.41017140890226306,0.024816672773343772,0.9934265415097426,0.3616804179125066,200201990.55331472,0.1884823610580908
GNRC,0.2959572050464293,0.4761660705375009,0.027393096739976513,1.272994120244115,0.4568658356056615,148751262.0349059,0.18736539429214594
FIX,0.19798199713289819,0.5612971018256502,0.0339167390024577,1.8579486612795995,0.3784063577302111,235800288.66279587,0.18681760915845524
DRIP,-0.3378467725202942,-0.5490065292482019,0.035774889162885314,-1.9168257132257536,-0.6811091358131844,29520646.58783368,0.18657809525114877
BIL,0.03434616478463751,0.04266160215986245,0.0008095528070255164,0.0033706151195631103,0.0015669028354581061,786039980.1275355,0.18521674662882875
BITO,0.19694443948530374,0.39718977922955306,0.03456282976338444,1.3397821175844329,0.383593862621174,329638222.348683,0.18506549845069162
O,0.12544966860470372,0.15362402030207092,0.010953619010065167,0.16422662871773158,0.07743651220461162,325042565.1801069,0.18454911480255665
VRSN,0.21491289559410348,0.29417767497547165,0.014602879715850245,0.41925189989065914,0.17685592651041615,173628442.8708399,0.18426754998237294
RMD,0.21245754275451892,0.35567761215515126,0.0200863859446745,0.6972445896573919,0.24048754644075696,236920854.8960913,0.18364701632137875
MDLZ,0.09327517538938805,0.06078140932952144,0.013006062156691542,0.07715132892941888,0.06836448298905637,533121989.176972,0.18340119940353025
MAA,0.2219400695030999,0.3400614253895832,0.012983337210666253,0.4308940806273384,0.16238304795711947,121134529.32348762,0.1831708015048593
MRNA,0.19837140455260593,0.31333556703403215,0.04170376000493408,1.2752981443115756,0.46620069350229215,384109247.46238375,0.18279522406007273
TKO,0.2463096242992416,0.38056481589830293,0.019132456810592335,0.7106016246788042,0.2655649515712737,163632137.87385443,0.1816412482786706
BITX,0.19383624156566584,0.3993169622967707,0.06502771316245028,2.5342126838725214,0.7103168155473092,341820701.4618026,0.1802719146383476
DOC,0.239752268436667,0.34876589253421936,0.014991050127161006,0.5102615960964161,0.20254121718568602,120266084.20282882,0.1775874279084234
PEG,0.11384046948141763,0.35141840599082347,0.012775753883571633,0.4381651793017552,0.0819599810235239,219500123.43120188,0.17746569604358553
BALL,0.25639745767747757,0.3289585099849873,0.016057800023952934,0.5155300571135398,0.23201624508316654,127678120.66391611,0.17671294392474146
KDP,0.13317067481431683,0.10807734935959991,0.01441115367822824,0.1520058333039174,0.1081498656157283,370894873.0534711,0.17650796260194054
AZO,0.07622939905294719,0.15933237323739546,0.014115232952402128,0.21949210074276843,0.06063580955756387,466721633.49695116,0.17608937661723367
INVH,0.21236301902219992,0.33498326262157085,0.01325489467975583,0.4333374362774146,0.15862579302803576,122300884.36369482,0.17579596308253456
POOL,0.2649410899320678,0.36527699665113117,0.020325958158593522,0.7246030717625255,0.30347224682663504,153908968.66335207,0.17568301235908737
CME,-0.07561565902609862,-0.05910940086473157,0.011376405548076654,-0.06562789022874063,-0.048476967141332386,507916921.70187056,0.1749351198081597
T,0.04929937282755818,0.021859082896731323,0.013718668906474642,0.029266496227603304,0.03811290069681481,885910543.746985,0.1747457612828287
TECH,0.30874349620786323,0.46256425793217665,0.025512617574397163,1.15173857122772,0.44388602396203636,99646984.40445426,0.17445877072003535
VTRS,0.3064937334183787,0.3656921651916402,0.02086929469110119,0.7448181441437366,0.36045246949721754,108870216.24711674,0.17402927880510904
IRM,0.18905280148771805,0.47948174278965927,0.01933107016866253,0.9045962700057789,0.20594803321829283,165210621.38502645,0.17349430253041215
COO,0.2522572286579557,0.3806464864905781,0.019449739689636897,0.7225409052416316,0.2764878476074915,151196521.48450333,0.17346210010876886
BMY,0.0747512833964686,0.14346184489892783,0.018279977247084196,0.2559404224987685,0.07700393850027872,700701273.3304318,0.16851129165533224
AXON,0.15090333579041698,0.3541648979934492,0.032740267600154145,1.1316563381060516,0.27841953203071074,370862505.1488175,0.1680996562199018
EPAM,0.28028753945510193,0.42338960839028345,0.02900314027984243,1.1984282500169725,0.4581075490307453,146006165.93999386,0.16548486767087814
SW,0.2474636290624093,0.4196652468519054,0.02556428069345264,1.0470403143236202,0.3565033286865839,163127211.63102818,0.16473292672881085
EQT,0.11060637702291212,0.34591201438854563,0.022634802818886083,0.7641333985553034,0.14108326988614353,369652330.08051395,0.16462520744501163
CTRA,0.18114911786757712,0.35960511454429955,0.017587456674362106,0.6172423566106068,0.17953862645910826,185052126.06322664,0.16424078254072877
FDS,0.2309087875111485,0.3387191710696097,0.018210063785179163,0.6019744589615714,0.2369575561283633,153511376.55012655,0.16417554036042115
LHX,0.08681250037172336,0.26935835636881217,0.013713063749418417,0.360488793586815,0.0670865400778676,283132356.0566788,0.16394458812629079
CRL,0.24036490716133554,0.484631051118152,0.029581433118475615,1.3991274172781558,0.40069037119981704,156057524.38626388,0.16388004251284966
USO,0.14225199521825885,0.20414260760039463,0.01833215449269946,0.36523634383402426,0.1469570783901228,350439222.30446017,0.16343793972257661
HSIC,0.26450092791419977,0.3336096847651565,0.017530401609362322,0.5707650023796776,0.2612989711875618,108570077.87201647,0.16249770632025334
PM,0.038725203764981286,0.0597789210037184,0.015046320572865517,0.08778194565493998,0.0328354260974779,787296095.3404678,0.16151035816002318
PODD,0.23013389556845432,0.3513382897392247,0.023740040337007134,0.8140175263005106,0.30787943136734836,188181591.93303078,0.16125083609856425
EXE,0.1283264137797211,0.3146153621813821,0.018433023456933716,0.5659829138137435,0.1333003432083276,289296673.26177293,0.16076865279908636
CHRW,0.2655564721432842,0.2740373605405645,0.023018718381817953,0.6156271090959123,0.3444741715979584,174150549.46541354,0.15844085652181433
LMT,-0.02560385337054753,0.10493279539661116,0.014854812254639502,0.15212662488672077,-0.021433403151059204,663720824.9930842,0.1569996550490637
VRSK,0.14708963874321265,0.19461816425182066,0.015285529037624751,0.29032916585923035,0.12670133473219455,253728251.17708725,0.1557494295343614
JKHY,0.21343944339519927,0.27569958781950366,0.013687838099752304,0.36829667388822446,0.16463727666901198,108449402.44115804,0.15470431639937124
CL,0.07315358209351139,0.006469463444886744,0.012074038874512614,0.0076233814891466635,0.049774487956421865,456028064.9082755,0.15462461043730374
BRO,0.14947393168367723,0.2430091441332545,0.014366499877040974,0.340722182962184,0.1210138466001927,195694528.318561,0.15457788716412652
GPC,0.22463771479278274,0.31933332459259417,0.019275594854137736,0.6007293516925833,0.24401082661861465,158029926.47929448,0.1536724333096746
ADM,0.17066596702652453,0.21729954232015897,0.016496375793754025,0.3498437932189238,0.1586551235342991,221787728.3711481,0.15182954119195377
EG,0.20596800010844796,0.31399911002138475,0.01588619053467049,0.4868273897362646,0.1843903350361517,133589504.52075894,0.15182221647385874
DXCM,0.16238327336288078,0.2710336998433317,0.031286638660427364,0.8275781585145707,0.28629834163787216,353451757.6725027,0.15110518293282926
WTW,0.1536001725903306,0.22853623656058147,0.01382687756479523,0.3083940630374901,0.11968354796069297,181508037.28772795,0.1507795849161821
ARE,0.2432688433063585,0.36584415889341326,0.02145368218094526,0.7659929777315508,0.29410808745707195,130572247.67129372,0.14925351521196661
COR,-0.09511761030412251,0.011133932241863317,0.01374280371767249,0.014933126287407741,-0.07366393402555196,387200605.1584353,0.14821491097216166
EIX,0.1790275651384483,0.2768001055289768,0.017793068042695117,0.48066656200793517,0.1795103025446013,189626937.47306585,0.14801516493156402
BAX,0.24550633954272583,0.33189192401431117,0.0240426568100442,0.7787641705226235,0.3326318280730223,157236453.93368763,0.1463741374712583
NEM,0.06934400062841771,0.2260629407123795,0.025504810834759632,0.562701793974632,0.09966659804692654,624249681.9185108,0.14515509456488718
DLTR,0.14929755266174516,0.21797492611414737,0.02667786294750715,0.5675242147313367,0.2244514213959316,357714384.0212767,0.14215301111740186
VTR,0.14513222773953458,0.20554195375157489,0.013348872655807987,0.2677761484322231,0.10917597670916197,174364781.0389979,0.14212127599879082
CLX,0.15343810211418543,0.1323253241107914,0.013954567417156685,0.18021302006853965,0.12066136400706268,209163558.13461134,0.14157853123701714
D,0.11008509346193687,0.13244604736613044,0.014171721578860324,0.1831843777965513,0.0879163726515561,277567319.43608564,0.14104310000873205
DUK,-0.04347469590696235,-0.045027019563065596,0.010445313830282972,-0.04590093309198901,-0.025590376768840465,375804262.5471584,0.14103943598476795
UNH,-0.012765334103892105,0.10620108919792524,0.025772917716115725,0.26712797891519585,-0.0185401996877118,3049998797.673734,0.139315729568669
NOC,-0.06567919207638379,0.036593198045599455,0.015143146196303563,0.05408082417293569,-0.05604831377283722,452475892.65860456,0.1364933141813432
ACGL,0.1358510539282832,0.2599388663696511,0.015037796871085484,0.3814892064718475,0.11512399723215797,175657355.57432333,0.1361436667302184
CVS,0.05294671835454515,0.14113965126726244,0.022356046071893888,0.3079433685677791,0.06670412288038736,666553029.8317251,0.13550408175184203
ZBH,0.16903170406326315,0.20926945222197407,0.016883734387195266,0.34482692471372856,0.1608256499698553,183664290.0939067,0.1314308245004592
SO,-0.022342163058491737,-0.017833615762683486,0.011032234666390422,-0.019201259479378036,-0.013890163008431036,424601130.46017575,0.1306191310343131
ROL,0.19567221517975814,0.23130486403833822,0.014220783723758814,0.32102223736125984,0.15680912353379348,102496280.34799896,0.12996095474309644
EXC,-0.09277620583458679,-0.03074574132281736,0.01188068738427706,-0.03564949298681102,-0.06211504588759569,290515884.58852434,0.1295006019671972
CBOE,-0.12486930061926584,-0.17935077892002302,0.013556112839786397,-0.23728225585195206,-0.0953914584311492,181070418.85302925,0.1283222581006183
KR,-0.068121931666314,-0.06928954990242425,0.015769812863088598,-0.1066402366308314,-0.0605385658326434,371978777.4877975,0.1269764674366785
MO,0.0064301010521497165,-0.01327335200626487,0.012809224205320558,-0.01659320426642624,0.004641509671434064,498367095.3878237,0.1264630891646751
CAH,0.0799412115725224,0.16539589912504585,0.016282525598911583,0.26282902691852106,0.07335185984731117,303630987.1752882,0.12627840690271888
ED,-0.08690964636298351,-0.14745307307405378,0.011665232220906154,-0.16787036591488755,-0.05713207606920192,220101028.1917015,0.125999539017943
KVUE,0.06111099343708028,0.11070082032557434,0.01911651579365809,0.20653154757522643,0.06583346562881282,452876584.253606,0.12320176898609829
NI,0.08384875879571611,0.29787404226792175,0.011351995198929885,0.33001347862192004,0.05363983968414637,151261506.6416231,0.12296515643782985
ELV,0.02489688118417573,0.12397855911330617,0.020405563576877932,0.2469005167022062,0.028629395287802055,631666661.7674823,0.12223542641125872
UHS,0.19716780527461214,0.30369389495946664,0.020286169387032586,0.6012608537992026,0.22540040078435894,140869592.09223834,0.1218008666204734
KMB,0.056966469850038434,0.02988041855084361,0.013461227957648324,0.039255288691772014,0.043213816216853315,352049267.712305,0.1217193535392019
XEL,0.06367889345088701,0.09530466661868271,0.013231694678784033,0.12307120637596908,0.04748206664734966,281500754.1846221,0.1200103276931591
CASY,0.16901092699616854,0.3154570296646389,0.01791968690029978,0.551692966404551,0.1706726120823069,137172907.40574187,0.11967365826172757
HSY,0.10910023384931154,0.03747834033249662,0.01687717422059445,0.06173151058454146,0.10376336547763369,331038103.50129133,0.11824124746934009
TSN,0.16418565301566604,0.13063889280654645,0.01402421442697467,0.17880425710826175,0.12975747392656348,153007428.54689422,0.1181682490481999
AES,0.19409861814195925,0.3494633432329493,0.02781726618864124,0.9487305685091156,0.3042674705529428,156677284.34318253,0.11685471768266549
DGX,0.13798355425442607,0.15879767682395393,0.014112887106281133,0.21871916144935719,0.10973920995611304,162928158.20029888,0.1162835987049183
TPL,0.1875139088322153,0.41460142450204884,0.030827080703338453,1.2473548197937137,0.32575007219783203,146330244.61373207,0.11454809446485946
BG,0.17779978517641776,0.2151645665147488,0.018186051033062874,0.3818879707351104,0.18221673961979248,151469850.41268256,0.11186299786323543
ETR,0.04536870803302946,0.22218775121569034,0.014219957005222808,0.30835089755892464,0.0363557685169702,237167106.33698496,0.11179904213050798
CI,0.015527102539570636,0.08882148186686409,0.0183412894439872,0.15899179014224982,0.016048665300732623,536382095.3868196,0.11174076212832393
MCK,0.01046952461155141,0.0572513683980342,0.01709759528601174,0.09553174801365596,0.010087432209853805,526454904.99295783,0.10830807263459719
DTE,0.09333570456127958,0.16721670984415948,0.011161569897107034,0.18215109128417178,0.058707248691732807,161111881.05032423,0.10820892548856419
ES,0.13850943634029092,0.1769605628137128,0.015591018652289288,0.2692636956415754,0.12169493057453688,161557665.24086282,0.10778819198943254
GIS,0.06873278951995682,-0.022341163838572677,0.013865320897764702,-0.030231697890527376,0.05370472902710202,293528295.4741945,0.10742101496224792
ATO,0.10701573620926061,0.1667814147133288,0.010110340971180415,0.16456606171052804,0.06097223013780077,139494031.48617277,0.10658491893560322
AMT,0.008128383157914882,-0.009903569632422464,0.016008437438476363,-0.01547275050809906,0.007332832160633649,519814932.8015058,0.106393945645058
INCY,0.16801811513113418,0.2644330376474581,0.020761700669702603,0.5358033930156717,0.1965792473591917,153118120.05662194,0.10478397225038157
MKC,0.13642138607731907,0.13218638688626472,0.015236372990734963,0.1965600020204969,0.1171339227396787,165529270.39138597,0.10459561439497006
CCI,0.06495267374769935,0.07641902400676841,0.01591002807188792,0.11865860898560596,0.058235339743035235,298843466.8230053,0.1022104034553081
BF-B,0.2242876627378759,0.20659538456668797,0.021073839162497318,0.42490427081294396,0.26635918700214983,110743666.17312405,0.1012814074096752
HUM,0.042150320473849534,0.1339300393678224,0.027986083485494057,0.36580272976954376,0.06647550427910907,522309097.34710014,0.10039170912270563
AEP,0.006782319086088569,0.01226095803246513,0.011893216775675175,0.014231496190185633,0.004545652026716923,335753670.89236504,0.09659378744971184
CNP,0.05906112892601208,0.14487435145149102,0.011550284542727841,0.1633093342122814,0.0384426273325655,176171067.9178894,0.09567820962241419
PPL,0.04882443405797419,0.13740752744439327,0.010844870176357905,0.14543257794055864,0.029838721406080074,183756130.35061213,0.09500017976044864
LDOS,0.09100550854987087,0.2728749785720369,0.017978742370040213,0.47879526182518145,0.09220312152461507,164003346.3987608,0.09013010601028525
MOS,0.14155658278109653,0.315197212403232,0.023160940197476276,0.7124680168322785,0.18475869648326276,149820773.66612834,0.0884425157211074
PNW,0.08707690047475328,0.16987849390284018,0.01098505419305974,0.18212410307967083,0.05390434830301158,100513564.23058924,0.07925934971602495
WRB,0.09674237786950705,0.16221823702140023,0.013934252227994994,0.22060236546458128,0.07596596510519142,128314182.55080612,0.07924415571076132
SJM,0.13437438679051858,0.08760612889085431,0.0171741031636008,0.14683695770875588,0.1300496527683324,163685310.56117907,0.07772761638110903
TAP,0.12274761382071607,0.17466035940057745,0.01623861246290842,0.27680255027214967,0.11232608181302078,125063696.79665203,0.0767596309719744
EVRG,0.0580832812348477,0.14653574266023847,0.010212189980289665,0.14604586840803774,0.033426327370475156,138031053.01734093,0.07632435633969842
SPAB,0.10401811866350451,0.10436356036111068,0.0031306351115025317,0.03188659594361838,0.018351014592818286,65711162.85998332,0.07497601224167073
LNT,0.07404738179074247,0.15303307143161698,0.01111623266005274,0.1660235679439686,0.04638589805851201,112041308.59780656,0.07408754776459167
WEC,0.01547046564393093,0.05855463287768324,0.010468923220433041,0.05982601799703148,0.00912691560277921,210862854.2201058,0.07407094124741485
CPB,0.14955561066138548,0.043631070324541735,0.016044657999330737,0.06832083277463256,0.1352233867852598,143860967.6208073,0.0730328152071194
CF,0.06788046583296053,0.20734054384409992,0.01952294252272434,0.39505387787043994,0.07468075913629886,195316429.35822746,0.07139438007971563
WST,0.12655101663281967,0.20573518666341162,0.03035566900744469,0.6095020965993103,0.21648314137024194,194438916.1495385,0.07074017217614276
CAG,0.10267472512770154,0.029049433575173866,0.01556278995130538,0.04412167026992739,0.09004708097067135,168524457.34034976,0.06639681297871103
AWK,-0.0396272085412469,-0.09438779518248763,0.014185951722043203,-0.1306775968309533,-0.03167893641172475,184039170.65045398,0.06521821391794122
FE,0.03784167896410877,0.07867018723474085,0.011226730778969985,0.08619663506609462,0.02394100291116047,163286698.27281648,0.06502136907559941
SPTL,0.06364836708858979,0.05310236972551264,0.0073479190985730695,0.03808071450301386,0.026355439720618105,138533971.10285133,0.06425966621540093
ERIE,0.16129878978929152,0.19905398734292798,0.019426273478447116,0.37738722968840943,0.1765790766428085,54277831.82916271,0.06391568974543031
SBAC,0.054580673856329205,0.06744580111892927,0.01636553902681737,0.10772389598122056,0.05033705943253416,196162872.5493708,0.057358903783713104
DG,-0.053633929945506635,0.006483744296281862,0.026062101055235494,0.016491574596962523,-0.07877123944978166,364018468.3510024,0.05464076444282995
SATS,0.1322224398975114,0.24348143196903482,0.05555152134361952,1.3200446599560296,0.4139231898889254,154022105.68919843,0.05023508051359232
CMS,0.009989129391948058,0.05169491669242898,0.010462652623308194,0.05278572201093001,0.005889630908024362,163755632.68070537,0.050063041926257386
AEE,7.162114914996523e-05,0.13428386173498255,0.010878718345992642,0.1425700740751651,4.3907393036656665e-05,147835868.64299104,0.048009511368342875
HII,0.08605983903867921,0.2843094209702523,0.023951949528567548,0.6645978605920517,0.11616091693986669,122584056.73352875,0.04160210039750875
CHD,0.004334346181398209,0.006829509930153855,0.01265551656587236,0.008435216576072905,0.003091164420950756,178279115.68854538,0.039135169317567574
SCO,-0.15987668139537303,-0.22926900870758146,0.030035550896069775,-0.6720595787037044,-0.2706072084033963,33705853.90997902,0.03905566774461293
CNC,-0.024684536060628353,0.06794192665213208,0.029742576960952925,0.1972165114681591,-0.0413734938801798,323876380.9494893,0.036576377619030306
DVA,0.0968368224040241,0.17386329439455445,0.021574085334936027,0.3660725098865098,0.11773119617237529,118600070.18357028,0.033278330115826954
PSKY,0.12725970012088658,0.1294482624542535,0.03591083155084807,0.45367882278325844,0.2575342479804919,152730188.4504935,0.02756487776944408
HRL,0.05402055729095686,0.05480274539827861,0.016867237276153618,0.09021382354168184,0.051347777272495294,94637140.4029483,0.00114709299564026
GL,0.0720098485572152,0.19401840773831916,0.030824107722735767,0.5836604559523999,0.12508379397556063,99022227.82336463,-0.00669226677407761
BOIL,0.02035748565572896,0.039321596083200135,0.07130371901186602,0.27363405102950034,0.08180031079990656,191880463.67016575,-0.026983115965966697
MSOS,0.07660245093804464,0.1182258720757151,0.059125179032784594,0.6822001572997464,0.2552312035392014,52791008.16104628,-0.03421415858005804
UNG,0.021227731791990362,0.03162760432875499,0.03933709334966019,0.12142144125681267,0.047057027740670665,145836368.16315994,-0.051821520742616825
