,obs_count,missing_ratio,avg_price,avg_volume,avg_dollar_volume,daily_vol,pass_filter
NVDA,541,0.0,134.77002971317765,290715461.5526802,35071933526.17728,0.031643065116824624,True
TSLA,541,0.0,303.0392607232339,93756358.04066543,27755416925.993633,0.03900912520980654,True
QQQ,541,0.0,514.5939362079952,44189512.754158966,22997700452.136967,0.012983600787981931,True
MSFT,541,0.0,441.71110881586833,22588741.774491683,9918498349.701006,0.014938434086066054,True
META,541,0.0,593.8765991549395,15144487.98521257,8879975347.649025,0.02356252176481553,True
AMZN,541,0.0,202.8749538851754,43513598.706099816,8803419696.929255,0.0198029327188545,True
AMD,541,0.0,159.81877997886673,49962638.63216266,8163275558.237599,0.03509516014992112,True
IWM,541,0.0,220.56829932701126,33837875.04621072,7470424128.7864275,0.013613502690091324,True
GOOGL,541,0.0,197.0358965974198,32188606.83918669,6450549772.202917,0.018759208021897688,True
PLTR,541,0.0,90.39797603445,68213100.73937154,6180017034.352997,0.041070795111699115,True
AVGO,541,0.0,222.1309648750009,28348936.41404806,6165082268.388606,0.033088834817781146,True
TQQQ,541,0.0,38.93536966080586,127451060.07393715,4668234591.364571,0.038609470923321405,True
GOOG,541,0.0,198.29395563545157,21736993.900184844,4337376820.238846,0.01852727867235868,True
MU,541,0.0,140.84314231378974,23896590.20332717,3674924271.8830366,0.036863479350119174,True
TLT,541,0.0,90.71938995248509,38454421.072088726,3490818577.742103,0.00811360304890085,True
NFLX,541,0.0,88.0453642177053,39257112.93900185,3427240144.224799,0.02091584279747038,True
SMCI,541,0.0,51.10334566648698,61442085.95194085,3412466082.5684037,0.06446847501031776,True
LQD,541,0.0,109.10826239171618,27938263.770794824,3051326440.4250817,0.004264077150202155,True
UNH,541,0.0,447.10304990757857,7994057.855822551,3049998797.673734,0.025497201613434106,True
HYG,541,0.0,79.09730133507917,38176564.51016636,3015629840.330981,0.003248500109593127,True
SOXL,541,0.0,35.63639551257911,96479255.26802218,2972270417.995956,0.06888297463601387,True
LLY,541,0.0,835.7819045766664,3573540.850277264,2951909124.5640893,0.02302057051821593,True
COIN,541,0.0,244.23122019600297,10998630.129390018,2724735354.1875377,0.0506420070691027,True
ORCL,541,0.0,172.5598702562935,13872286.136783734,2658951234.711727,0.031291597825888494,True
INTC,541,0.0,29.93813308461977,83433717.00554529,2462476141.885719,0.03796058993093576,True
JPM,541,0.0,247.34251375603807,9351692.421441775,2305399040.094685,0.01549086845004043,True
IBIT,534,0.012939001848428836,47.74946626741788,44823827.52808989,2235864145.928539,0.032401245491006744,True
V,541,0.0,313.0369497923225,6793367.837338262,2114468286.2990122,0.012897136341037247,True
SQQQ,541,0.0,165.4930313589833,17180735.541589648,2057292609.609235,0.03876698345728081,True
SMH,541,0.0,266.673105179933,7745489.648798522,2043859939.0514464,0.022727031027802772,True
XLF,541,0.0,47.78946393871484,42496527.54158965,2025420180.1806006,0.01069699788691955,True
BRK-B,541,0.0,462.75336398479016,4255926.617375231,1992916393.452744,0.01043318095465478,True
CRM,541,0.0,271.64009266287474,7466011.829944547,1973190496.6280024,0.022059405568591223,True
COST,541,0.0,896.0161370860891,2161823.2902033273,1942474050.6309862,0.012868927961861927,True
XOM,541,0.0,114.27421435851487,16530678.558225509,1892175743.9713922,0.01405298734235011,True
HOOD,541,0.0,57.38463018561908,27831502.957486138,1875965227.0989592,0.04370974487888888,True
APP,541,0.0,296.5007026094165,5719568.391866913,1850551634.7310135,0.05126690446421583,True
RSP,541,0.0,177.27319781573115,9960221.072088724,1804826462.1737382,0.009057087521619803,True
WMT,541,0.0,87.34332709039205,19223717.56007394,1728518701.2593627,0.01399762139532763,True
BAC,541,0.0,43.929667270117456,39046636.598890945,1701929840.3978689,0.015829782552175656,True
BA,541,0.0,191.7944178554796,8721874.49168207,1645594069.7054002,0.02224967385856086,True
ADBE,541,0.0,439.6544909521304,3765170.609981516,1594112071.5132368,0.02143135032336467,True
SLV,541,0.0,34.62182990900911,32772260.44362292,1579018934.0451667,0.026960121434307635,True
XLK,541,0.0,118.77549929803929,12887869.31608133,1558045396.913598,0.015660898714453222,True
UBER,541,0.0,77.77360456399688,19995268.76155268,1537632892.1969993,0.02434353008395679,True
CRWD,541,0.0,383.17575761438957,4081415.7116451017,1481011782.1655526,0.029643947856751538,True
XLE,541,0.0,44.81625685630136,32915036.59889094,1478931607.2278085,0.01364518682390829,True
QCOM,541,0.0,164.74122003354339,8922091.497227356,1473702383.305793,0.024006975405627316,True
XLV,541,0.0,144.73927893788448,9906276.340110905,1427666429.5629165,0.009039621610449198,True
MA,541,0.0,517.5054159393593,2729836.229205176,1416438079.0423605,0.012802226825920977,True
AMAT,541,0.0,201.76401129139109,6986401.848428835,1408429776.622675,0.028289301009139015,True
JNJ,541,0.0,167.53907598188755,8108993.345656192,1367717513.4448237,0.011036820772015007,True
GS,541,0.0,603.1182811687702,2277216.4510166356,1362390302.9769588,0.018487085193924894,True
NOW,541,0.0,171.68553411233447,8251854.528650647,1358515629.5321229,0.024364321095807384,True
TSLL,541,0.0,14.215471319702768,94127223.84473197,1355545051.6037254,0.07665732002804179,True
FXI,541,0.0,32.377966766216396,42011631.4232902,1346151707.8686302,0.018299089545326035,True
XLI,541,0.0,137.85696848306992,9703106.28465804,1344697857.3484044,0.010325300373666774,True
HD,541,0.0,374.1105913031784,3578388.3548983363,1334189412.8606207,0.013868114395183756,True
CVX,541,0.0,153.66499088872604,8549744.916820703,1313924916.9401891,0.014052991232034826,True
EEM,541,0.0,46.352365920371795,28042768.022181146,1309335709.3436785,0.010582664907010333,True
PG,541,0.0,161.1474121996303,7790870.240295748,1247583319.375867,0.01090486366606548,True
EFA,541,0.0,84.75223661130104,14501951.940850276,1238996053.4834743,0.009356578237261676,True
PANW,541,0.0,178.13759701882185,7169162.846580407,1235848227.1050642,0.024944452206880886,True
CSCO,541,0.0,59.99447317352577,20369052.495378926,1232717768.6585913,0.014522055877195732,True
TXN,541,0.0,187.15199663370242,6570860.258780037,1222982305.5127325,0.021978136288237537,True
SOXX,541,0.0,239.55908177740693,4952171.164510166,1211782010.5097744,0.023258666178619287,True
LRCX,541,0.0,105.38216441043424,11559832.162661737,1209941854.411362,0.029804760414596936,True
MRK,541,0.0,103.71414040725905,12055372.088724583,1204284038.6815622,0.01637671694291878,True
WFC,541,0.0,70.48508315870811,17013361.182994455,1182208998.7397313,0.018403492135490238,True
PFE,541,0.0,26.372569308042966,45139026.43253235,1178609926.454531,0.015581946681317682,True
GDX,541,0.0,50.14073940566199,22624489.64879852,1170143771.86133,0.02336639215137897,True
BKNG,541,0.0,183.3943954157521,6472920.517560074,1168066222.1446717,0.018182412305778446,True
GE,541,0.0,210.9399254423413,5721837.046210721,1161876705.7673562,0.019391278141877025,True
ABBV,541,0.0,192.54537865150436,6018194.085027726,1159646985.5432422,0.015940323790814427,True
C,541,0.0,77.38212572051945,14537395.563770795,1114639841.481227,0.01893423354848954,True
INTU,541,0.0,638.6235492022332,1780303.1423290204,1100966454.11945,0.020274039881843477,True
SOXS,541,0.0,396.73123873359833,6556194.134935305,1098856739.6155963,0.06958863445219081,True
CAT,541,0.0,406.55974083863435,2665553.419593346,1089797872.4446633,0.0188433845768757,True
DIS,541,0.0,106.29526793361812,10315808.502772644,1088891147.5442066,0.017871838676316962,True
IBM,541,0.0,233.8594639578941,4597635.304990758,1085388755.2095706,0.018812011061769024,True
PEP,541,0.0,156.1857113371054,7018519.963031423,1076895167.1077793,0.012731518813387521,True
XLP,541,0.0,79.34767101520531,13259543.438077634,1055870370.7110562,0.007706695038168548,True
KO,541,0.0,67.16547139250638,15621286.321626617,1055319914.3655096,0.00984309054107705,True
NVDL,541,0.0,63.06544061685446,17302937.892791126,1054758418.8406624,0.06271609975171805,True
NKE,541,0.0,77.04007383900077,14242545.471349353,1051009733.2435508,0.023277050629233638,True
ACN,541,0.0,311.316062743915,3469259.334565619,1030088415.9793735,0.018357520577057435,True
DELL,541,0.0,118.85574861198609,8483095.748613678,1027391044.7689444,0.03614419749451858,True
TMO,541,0.0,536.3354342702136,1948121.8114602587,1019073201.235443,0.01690116315873426,True
MCD,541,0.0,295.22210673616024,3428331.7929759705,1009284780.3769265,0.011359934986061965,True
TMUS,541,0.0,210.92487988145868,4571082.624768946,955218118.166457,0.014735657854107211,True
LIN,541,0.0,450.1034937380863,2085895.0092421442,936106234.7303183,0.010804553176783584,True
SBUX,541,0.0,90.31707956874656,10413090.942698706,933004891.6369003,0.022287994870099304,True
XLU,541,0.0,38.91840114346714,23706659.5194085,912025761.2131348,0.009892607386944245,True
CVNA,541,0.0,233.73508338434638,4213347.504621072,907390677.2459471,0.047303344879001105,True
ANET,541,0.0,101.13737962338489,9136915.341959335,905539335.709673,0.031516176035818376,True
VZ,541,0.0,41.838170106221476,21590024.768946394,904421708.6869725,0.014366118541697323,True
PYPL,541,0.0,68.29143255519338,13815301.663585952,902239117.0381141,0.02427542719550216,True
SGOV,541,0.0,100.51181154374494,8942535.120147875,898802324.4748876,0.0007901249817702783,True
VRT,541,0.0,115.3270794344918,8071113.308687615,895956371.4548221,0.0404431628105742,True
KLAC,541,0.0,851.9034186907925,1044852.3105360444,887733106.2229347,0.028285129127773485,True
T,541,0.0,23.130129392838963,38147366.913123846,885910543.746985,0.013847847783140372,True
KRE,541,0.0,58.02353042066648,14891363.03142329,867244877.9956472,0.01806113330610909,True
ISRG,541,0.0,484.2024213470064,1771929.2051756007,859516615.8334221,0.01978520519424603,True
CMCSA,541,0.0,34.306611009975015,25359312.020332716,847630944.752101,0.016099718517237377,True
AMGN,541,0.0,303.5052689360162,2734188.909426987,825215405.0363085,0.017180730458272824,True
MS,541,0.0,126.02863198948435,6666102.033271719,823401894.7028323,0.01844213179419739,True
F,541,0.0,11.559519385233825,72377209.79667282,821554596.6208503,0.021583706372955338,True
VST,541,0.0,132.09541587336005,6384920.887245841,820152535.4486334,0.038702863274739964,True
CEG,541,0.0,255.76417737527166,3191606.6543438076,817002371.0241054,0.036266385324959724,True
ADI,541,0.0,228.26390030555936,3556397.227356747,814915016.6722353,0.02225027215769497,True
ETN,541,0.0,326.4036784568688,2499873.012939002,811368296.4335358,0.020827713896190873,True
AXP,541,0.0,284.34232904289655,2869360.6284658043,807287467.2874267,0.018208816011390138,True
NEE,541,0.0,73.81356749472909,10887418.669131238,796454150.6772012,0.01663277545120715,True
IEFA,541,0.0,78.90622925538013,9904086.691312384,792513515.615732,0.00936470584102578,True
PM,541,0.0,136.77378936880396,5708322.7356746765,787296095.3404678,0.014822394967144669,True
BIL,541,0.0,91.58857679102645,8583235.120147875,786039980.1275355,0.0007951356853076522,True
DHR,541,0.0,229.46863187835748,3499428.8354898337,784989188.5374961,0.01752958348531323,True
HON,541,0.0,200.81231714837432,3895658.820702403,784288905.5316143,0.013724705876499231,True
ABT,541,0.0,120.07872460553915,6408608.502772643,768016259.6249846,0.013374985266459733,True
SNPS,541,0.0,513.8005737755964,1539471.1645101663,763258620.308777,0.029828457663287747,True
DASH,541,0.0,176.51033258349972,4250995.378927912,750138899.8516936,0.0254762746622266,True
CMG,541,0.0,50.93989325362962,15185312.01478743,743291743.591788,0.02173586044952412,True
RTX,541,0.0,132.47656196410907,5739739.926062847,739586723.3729646,0.014550546655990064,True
EWZ,541,0.0,29.477634049167033,24656836.783733826,734547291.8577328,0.014866594095171964,True
LULU,541,0.0,292.06550823782817,2802383.179297597,733865791.4281651,0.028052298351147142,True
GILD,541,0.0,97.57565614344232,7460505.73012939,733356750.3614161,0.016981910583943806,True
SCHW,541,0.0,80.63303141849539,9008553.789279113,729626369.6627364,0.016290947094574845,True
COP,541,0.0,103.28025895434254,6986352.865064695,711442866.3782552,0.018329413002859743,True
KWEB,541,0.0,32.11033276048473,21734185.027726434,706275675.7233752,0.022426400001401215,True
TGT,541,0.0,125.39399258090035,5977643.253234751,704561365.1646034,0.02237319448027895,True
WDC,541,0.0,79.8120227820772,8291793.125693161,702289704.3952326,0.032830135334563984,True
BMY,541,0.0,50.56833638809966,13978819.22365989,700701273.3304318,0.017986360654411636,True
UNP,541,0.0,235.11789301450943,2966245.1016635858,692840775.7694378,0.01323787854552426,True
BSX,541,0.0,88.2992237112218,7733434.750462107,686367863.8677741,0.015313650655473516,True
PGR,541,0.0,233.79937149019648,2917571.34935305,684403538.2312175,0.014806368347523212,True
APH,541,0.0,85.50586871078407,7672251.57116451,683458231.90246,0.021888051197501333,True
SPGI,541,0.0,488.04974071904604,1408048.798521257,678651916.6624849,0.014725238522826832,True
FCX,541,0.0,44.3214416962234,15052330.499075785,669325354.0314881,0.02701989226707277,True
VEA,541,0.0,53.899778228590534,12170241.21996303,666596166.3952953,0.009189252351434975,True
CVS,541,0.0,66.66001849077546,10219773.197781885,666553029.8317251,0.022131540882392914,True
LMT,541,0.0,489.64375234663817,1363461.5526802219,663720824.9930842,0.014759969101051512,True
COF,541,0.0,179.58990726717738,3513394.824399261,652542190.0143692,0.021953610270139985,True
ABNB,541,0.0,134.90222750397575,4829212.569316082,646868984.4902856,0.022464567698420125,True
TJX,541,0.0,122.71378925767712,5266110.536044362,645696154.6299114,0.011044683515117816,True
IEMG,541,0.0,57.68802214109523,10907195.194085028,640831780.0748955,0.010322548838366077,True
DE,541,0.0,444.7803882309778,1427779.112754159,636537588.2419889,0.01724688390975905,True
WDAY,541,0.0,241.12061009433486,2730326.247689464,636253940.2514586,0.02215283572575437,True
LOW,541,0.0,242.65140532037026,2625406.6543438076,635575583.6155044,0.014901833588671774,True
BLK,541,0.0,961.5638849677969,658321.6266173752,634465392.523622,0.015058676928556726,True
ELV,541,0.0,422.9882617322883,1579715.7116451017,631666661.7674823,0.020151402173953097,True
VRTX,541,0.0,448.5587801272239,1418178.743068392,630947670.8899535,0.01862007126510605,True
UPS,541,0.0,119.24471366163102,5528490.573012939,628831874.2235969,0.018654652299155132,True
GM,541,0.0,53.057208880919845,12339165.06469501,626510255.1552982,0.021794065697704458,True
DDOG,541,0.0,128.91101670749967,4803675.231053605,625800481.9656386,0.029375158098857858,True
NEM,541,0.0,58.386820632737134,10870817.560073936,624249681.9185108,0.025385927806845905,True
MDT,541,0.0,88.54129376649416,6937353.049907578,616579646.1969401,0.01256495260395915,True
TNA,541,0.0,40.641885373156086,15470779.482439926,611659938.9874207,0.04065414793553115,True
ARKK,541,0.0,59.35323474059043,10320415.15711645,605610287.508216,0.025246665033313194,True
SPYM,541,0.0,69.21913122998589,8692925.50831793,605333193.4451606,0.009843442381520741,True
REGN,541,0.0,794.0289084386914,826467.2828096119,603915949.6705625,0.020591470001119945,True
FISV,540,0.0018484288354898336,154.402796264931,4723112.222222222,603626936.9820955,0.027699157758930094,True
SHW,541,0.0,342.9271715202966,1737340.2957486138,595833937.2327145,0.014421559528292723,True
XYZ,541,0.0,69.96796677425476,8520927.356746765,591348478.5841485,0.03282555637463941,True
EMB,541,0.0,91.61247699053582,6429618.484288355,589957284.3534064,0.004351649833448859,True
NXPI,541,0.0,227.5293901482263,2613998.706099815,586406492.7580292,0.026018954797816057,True
SLB,541,0.0,41.96500926625927,14156489.09426987,583728170.8054646,0.02056167456300049,True
BX,541,0.0,147.6070982673913,3989015.8964879853,581313923.0080639,0.02171034733648461,True
CDNS,541,0.0,300.2399813780723,1892477.2643253235,561312579.2440785,0.023880927408170965,True
MCHP,541,0.0,71.52310526877807,8064153.789279113,549724754.3203095,0.031124496864860688,True
KKR,541,0.0,121.98800371490873,4623702.402957486,549415922.8544323,0.02545341554661697,True
FSLR,541,0.0,196.70096122755803,2852858.040665434,548949093.2447408,0.03676049960391431,True
CCL,541,0.0,22.612125768679128,25245921.072088726,548423793.0523891,0.028552130403174107,True
TTD,541,0.0,77.82998153771138,8572388.724584103,541825083.1707494,0.037829920308636626,True
STX,541,0.0,145.23273599169832,3355535.674676525,538031870.2376628,0.03025162364003095,True
UAL,541,0.0,76.45889092549379,7447500.184842884,536773566.91474414,0.03241379555425987,True
CI,541,0.0,314.4858782586681,1728534.011090573,536382095.3868196,0.01811424049326423,True
MDLZ,541,0.0,65.48053612418184,8272191.312384473,533121989.176972,0.012821195838328038,True
IGV,541,0.0,95.91298328618245,5600885.95194085,527529284.88616526,0.01601366257786604,True
MCK,541,0.0,646.8222372509856,818485.3974121996,526454904.99295783,0.016858736402302846,True
OXY,541,0.0,50.70728278027885,10530433.641404806,522590704.1387597,0.019533299541076965,True
HUM,541,0.0,292.64637764809095,1826874.121996303,522309097.34710014,0.028262354305959362,True
AMT,541,0.0,200.5851942756921,2609896.1182994456,519814932.8015058,0.015892391549786177,True
RCL,541,0.0,224.86713477115313,2352039.001848429,519646112.1067802,0.026464535082067715,True
MMM,541,0.0,132.81708784685117,4053085.2107208874,516889538.90835905,0.01998979244181345,True
MPWR,541,0.0,779.3807952373173,681326.9870609981,516011445.4989111,0.0350375847757013,True
XLB,541,0.0,44.903752282895354,11407974.121996304,511980656.42612827,0.010874908288754455,True
SYK,541,0.0,362.26467613459954,1408459.3345656192,509384540.0551731,0.012876478418390853,True
WBD,541,0.0,12.68408502800848,38381822.92051756,508087323.2247868,0.03395544289303929,True
CME,541,0.0,243.2100368647831,2075901.1090573012,507916921.70187056,0.011408026400596351,True
ADP,541,0.0,275.0569137601447,1863270.6099815157,506171130.6781198,0.011886306620484463,True
CRH,541,0.0,96.13175594872776,5205165.249537893,505448858.8092487,0.019351106130665183,True
MO,541,0.0,54.09994465938998,9312445.656192238,498367095.3878237,0.012655413495794136,True
DAL,541,0.0,53.6031237688611,9348285.767097967,489680511.4457284,0.027072117885663924,True
FDX,541,0.0,262.75676480503046,1874051.0166358596,489513838.24429893,0.019547822428763434,True
HCA,541,0.0,370.6373567422525,1325539.9260628466,488622634.197496,0.01675712303517612,True
ZTS,541,0.0,162.48048086395545,3122047.504621072,486549705.7131473,0.016939727492774847,True
ON,541,0.0,61.04741223065558,8182471.34935305,483146004.2129333,0.03302212859811562,True
TT,541,0.0,370.9178928509217,1291712.3844731979,482102626.65885884,0.016672202411837346,True
CB,541,0.0,277.44393731926374,1699326.247689464,471480459.125162,0.011948780209156505,True
APO,541,0.0,131.7817375056184,3491967.652495379,471349752.9560068,0.0240356199355996,True
ICE,541,0.0,157.0192050757558,2986882.255083179,471115515.3450111,0.012125071669827195,True
CSX,541,0.0,34.170924132059774,13784931.977818854,469037103.1259445,0.014076315915915804,True
EQIX,541,0.0,832.0307764980577,563022.7356746765,467221824.42734134,0.016933133355813545,True
ORLY,541,0.0,84.55744053387598,5553052.495378928,466932774.4193728,0.01295581639009843,True
AZO,541,0.0,3389.1972985681896,138420.51756007393,466721633.49695116,0.014026525953717237,True
CHTR,541,0.0,311.9307203028427,1543036.4140480591,464992650.74998784,0.02532274050534195,True
DHI,541,0.0,151.4395010449309,3083681.146025878,460803106.54490644,0.02262328604912137,True
CL,541,0.0,89.82914977858115,5124206.099815157,456028064.9082755,0.011967365444536129,True
KVUE,541,0.0,20.375656193153254,23233318.114602588,452876584.253606,0.018927224269067438,True
NOC,541,0.0,516.2177447250282,884216.4510166359,452475892.65860456,0.015228824170427452,True
FTNT,541,0.0,82.29118314027346,5593824.399260628,452205686.5120047,0.025247362000743102,True
PLD,541,0.0,118.15384485100202,3876508.502772643,451520494.8302969,0.016437677574151245,True
VLO,541,0.0,148.3684101915624,3022150.831792976,445940549.8047072,0.021549458622137252,True
URI,541,0.0,755.6366172127715,591468.5767097967,442959081.55375427,0.023551374554527583,True
MRSH,541,0.0,209.492199740877,2137333.8262476893,442621342.831215,0.011756833504832554,True
PH,541,0.0,663.5523485335317,666774.8613678373,439705480.6189405,0.017928293480316458,True
ADSK,541,0.0,273.55469505888254,1624448.2439926062,437998386.13165045,0.018151598416487415,True
LITE,541,0.0,122.45786507513078,2510887.0609981515,435563682.3517332,0.043736125885300035,True
USB,541,0.0,45.94282806734942,9268772.45841035,426053711.7268772,0.016586629621798233,True
SO,541,0.0,85.33731988705901,4949516.635859519,424601130.46017575,0.010980945080644185,True
MPC,541,0.0,168.89876164349963,2515407.393715342,420389147.3674316,0.02042135238459311,True
HLT,541,0.0,241.75946380558824,1731003.3271719038,419410228.35561645,0.014291669751010398,True
AON,541,0.0,343.9502772756072,1226871.5341959335,418953645.84427303,0.013727674991289782,True
EOG,541,0.0,120.3836597012504,3507694.639556377,418462320.0515733,0.016526095019925115,True
EA,541,0.0,156.15458423945907,2666589.094269871,416591570.4076573,0.01590778371492842,True
JCI,541,0.0,87.20587792810804,4783609.057301294,416006748.644282,0.01787194879726705,True
WELL,541,0.0,139.43049888117255,2918124.7689463957,414671611.3497003,0.012768516512640186,True
BDX,541,0.0,169.80980821986736,2507898.2088724584,413653730.8681086,0.01606096178470855,True
TZA,541,0.0,13.57964878910791,36347779.66728281,408524601.1065009,0.040704440349971685,True
MAR,541,0.0,263.5975976404553,1539413.493530499,404665990.51610416,0.01638370895577207,True
LEN,541,0.0,137.21761657658433,3052630.593345656,403371489.2308242,0.02143544704234957,True
APD,541,0.0,276.045156538817,1445125.3234750463,394719637.4286052,0.017655311526208407,True
SCHD,541,0.0,27.22333948977994,14310428.465804067,391280034.1529497,0.008753287591945045,True
USHY,541,0.0,36.96204249299168,10565446.210720887,390665107.7637784,0.003252581419694173,True
COR,541,0.0,269.7143442714501,1436120.7024029575,387200605.1584353,0.013542104746275485,True
ROST,541,0.0,149.05491655106465,2614237.707948244,387136677.93982005,0.014590628786622342,True
AJG,541,0.0,280.85321609017586,1383363.0314232903,387121041.80181366,0.01455573381326523,True
MRNA,541,0.0,59.1992420224738,8307342.329020333,384109247.46238375,0.041209933781340774,True
ULTA,541,0.0,459.402348093537,865901.8484288355,380560675.62598264,0.022464508891510384,True
CMI,541,0.0,355.74118264809994,1123047.134935305,379936066.4094146,0.018314336322852773,True
HPE,541,0.0,19.857393744251866,18777014.417744916,377902288.74534583,0.02639629209090965,True
PNC,541,0.0,181.79330881510117,2068966.9131238447,377242920.9137499,0.015708236382809816,True
DUK,541,0.0,112.66526791613116,3317016.4510166356,375804262.5471584,0.010376338448691404,True
TER,541,0.0,130.5277077750666,2846105.360443623,375777016.2884358,0.033466388147822136,True
WM,541,0.0,215.79487982166452,1733054.1589648798,374185795.3607161,0.01166554789178972,True
GLW,541,0.0,55.10896478607121,6184609.611829945,373845949.6516487,0.02243352757575904,True
PSX,541,0.0,132.7143440317094,2827418.484288355,372079423.5143185,0.01973012774733183,True
KR,541,0.0,60.705323422021216,6000064.695009242,371978777.4877975,0.015502259741880227,True
EWY,541,0.0,70.71412203889237,4593806.099815157,371396241.4798102,0.01677753592599313,True
KDP,541,0.0,31.97648801468657,11831216.63585952,370894873.0534711,0.014253276821673022,True
AXON,541,0.0,515.3314052447814,694971.5341959335,370862505.1488175,0.032191992209920146,True
FICO,541,0.0,1654.4929034502802,226856.74676524953,369842800.7323993,0.025586480911625104,True
EQT,541,0.0,46.25417744959128,7884422.92051756,369652330.08051395,0.022366301820823005,True
MNST,541,0.0,59.251460352137876,6295465.61922366,368537487.76585335,0.01450870273921349,True
GD,541,0.0,296.6853229854111,1250866.7282809613,368120426.77392024,0.012782210923101075,True
WMB,541,0.0,52.261404746120824,6961232.347504621,367861531.0161238,0.01491962455993228,True
EXPE,541,0.0,176.4465805025506,2107365.61922366,367570194.72377867,0.02802033803414771,True
EBAY,541,0.0,68.18016629739081,5384888.909426987,366501739.2035415,0.02057767324320884,True
MCO,541,0.0,460.25014835717275,799509.6118299445,366463117.6954851,0.016052152256064052,True
MSI,541,0.0,412.96883512204323,880728.0961182994,364238097.84345645,0.013145396241124032,True
DECK,541,0.0,135.4800092799386,2820746.9500924214,364045348.8646911,0.030653061405711574,True
DG,541,0.0,111.1790755689695,3437930.4990757857,364018468.3510024,0.025870803470090045,True
TDG,541,0.0,1317.0437513763936,275462.47689463955,363408352.83240354,0.016599238816069423,True
STZ,541,0.0,202.94486135035038,1927300.1848428836,361074275.0702299,0.01739746211262164,True
HWM,541,0.0,132.59702415959893,2780871.9038817007,358200926.5527235,0.021517631231162994,True
ROP,541,0.0,526.3732729645621,717585.5822550831,358108311.0759404,0.0137667463193636,True
DLTR,541,0.0,100.58761545205954,3741617.929759704,357714384.0212767,0.026311575929407697,True
COHR,541,0.0,96.22299429140779,3323085.9519408504,357193863.0229866,0.04182977299788616,True
TFC,541,0.0,42.715914918402426,8373455.083179298,356095366.56447464,0.017323813851529996,True
NSC,541,0.0,256.05957527654226,1379924.584103512,355901001.78960776,0.015699427262139107,True
EMR,541,0.0,120.61722755079569,2933280.0369685767,355548495.98163736,0.018350831125686258,True
DXCM,541,0.0,87.53005541450656,4335554.898336414,353451757.6725027,0.030919499842893605,True
HBAN,541,0.0,15.417486139674724,22462213.12384473,352958638.4181035,0.018466699658181523,True
PWR,541,0.0,327.1320704320883,1080895.1940850278,352872245.18121237,0.02309556329736789,True
KMB,541,0.0,128.4586319279979,2874154.7134935306,352049267.712305,0.013502284211735336,True
USO,541,0.0,73.83658035757801,4736157.855822551,350439222.30446017,0.018352615073264154,True
EL,541,0.0,97.29419589086733,3773915.3419593344,350293622.18460673,0.029767473079977375,True
TTWO,541,0.0,195.30683913028173,1772303.1423290204,348765636.7614041,0.01808047532903368,True
EW,541,0.0,78.01312374319475,4530747.689463955,345367766.1707789,0.02107173550210495,True
KMI,541,0.0,24.57706095683156,13950824.399260629,343072260.4070896,0.013987473436103666,True
BITX,541,0.0,42.071525000820756,8053926.617375231,341820701.4618026,0.06495746206648706,True
AIG,541,0.0,77.26171886281914,4377222.365988909,338641493.7362163,0.014592589158740664,True
AEP,541,0.0,101.19770793244932,3307734.935304991,335753670.89236504,0.011887686547891673,True
UVXY,541,0.0,110.62700542372389,3810983.955637708,333118314.60380465,0.07023197884766363,True
TRV,541,0.0,248.38573045430914,1338614.4177449169,332707879.9584239,0.014283150529142431,True
CARR,541,0.0,64.71998168888904,5219166.543438078,332688283.21200454,0.019784206087849344,True
HSY,541,0.0,183.55266163485769,1801937.338262477,331038103.50129133,0.01674745239232517,True
BITO,541,0.0,20.827781890544784,18203550.831792977,329638222.348683,0.03446741933182382,True
KHC,541,0.0,30.576358558950936,11251247.874306839,329535788.6905074,0.014443804451721734,True
CTAS,541,0.0,193.22643261696186,1702199.8151571164,329148703.32952136,0.013565559682905803,True
FANG,541,0.0,165.4866911911039,2021194.26987061,328323047.13524413,0.02141907129011071,True
SPXS,541,0.0,64.08548989710218,5523608.373382625,327449177.42189825,0.02954319548408105,True
O,541,0.0,57.094436187180044,5705415.157116451,325042565.1801069,0.010977319187700355,True
CNC,541,0.0,57.77724594637999,6698454.343807763,323876380.9494893,0.02927390781428085,True
MSCI,541,0.0,558.5977059468324,582345.8410351202,322110647.78051466,0.017896243697312308,True
DVN,541,0.0,39.112902015502705,8362435.859519408,321938497.43535644,0.021800882877030425,True
PCG,541,0.0,17.064473190942223,19119607.578558225,318530921.74944043,0.016278118835991638,True
LUV,541,0.0,32.16909431485724,9915675.231053604,318351442.10709804,0.02612351180546684,True
BK,541,0.0,82.74957480580441,3867460.4436229207,318252414.2398446,0.013685156350237277,True
ALB,541,0.0,100.75162644306965,3198170.2402957487,315983959.6771134,0.037860063358648395,True
ODFL,541,0.0,179.3495470706284,1788272.6432532347,314662382.29906434,0.02367076112072046,True
TEL,541,0.0,169.69194063197222,1844227.911275416,314421902.8555555,0.0170627957250571,True
NRG,541,0.0,111.51722740554105,2931856.561922366,313066563.67692363,0.029350157927046355,True
DLR,541,0.0,160.23691314866494,1933702.2181146026,308865295.8464307,0.01682829836752589,True
CTSH,541,0.0,75.33632160687402,4124426.987060998,308756822.57489544,0.01636490421826226,True
LYV,541,0.0,125.33798492770099,2425521.0720887245,308640410.5815105,0.018600674588555095,True
ECL,541,0.0,250.5693526911427,1221389.0942698705,306993427.7599088,0.01246305246776002,True
IQV,541,0.0,206.77438058341937,1543510.3512014789,305171957.3175822,0.022859761287774102,True
CAH,541,0.0,137.44051761591942,2211780.2218114603,303630987.1752882,0.01605687946910331,True
SPXU,541,0.0,93.29253237965807,3904518.807763401,302733674.17343706,0.029452322978185383,True
BKR,541,0.0,40.39892796712089,7457276.155268022,302091469.3958903,0.020205765955280744,True
HAL,541,0.0,29.009907604365605,10874068.576709796,301754243.8465323,0.022958022746553005,True
ALL,541,0.0,188.41682030753597,1601478.743068392,301590873.15395445,0.015159860286988368,True
IDXX,541,0.0,533.0685020912156,572465.4343807764,299312342.62579674,0.0228573558775663,True
CCI,541,0.0,100.18182990731682,3005545.2865064694,298843466.8230053,0.01596810766303019,True
DOW,541,0.0,40.00500927218227,8634159.704251386,295732987.25969243,0.024350350935150426,True
NCLH,541,0.0,20.979038844928283,14176794.454713494,294494772.42013186,0.03285116412728378,True
GIS,541,0.0,59.29083184261639,5132469.500924215,293528295.4741945,0.013770111212498196,True
PCAR,541,0.0,104.40944547529803,2801986.136783734,292136454.16535187,0.017198582380601818,True
TSCO,541,0.0,53.7610129463915,5464728.096118299,292089131.8873619,0.016986926754082688,True
SRE,541,0.0,80.47179297907296,3641498.5212569316,291752663.646019,0.015791334927275615,True
PAYX,541,0.0,130.89561912268675,2276938.447319778,291695505.1035982,0.014138541482491355,True
EXC,541,0.0,40.95935303270266,7055136.5988909425,290515884.58852434,0.011814339986361225,True
OKE,541,0.0,83.63890948621712,3484509.6118299444,290047442.1898325,0.016991371954144765,True
EXE,541,0.0,96.23736597649932,2925061.1829944546,289296673.26177293,0.018503278871374935,True
YUM,541,0.0,141.8679666148977,2004437.8927911276,285006182.1074142,0.013144641506700128,True
VXX,541,0.0,46.16353051896016,6259745.240295748,284301867.0526348,0.04696037670924975,True
LHX,541,0.0,245.41693180105383,1143178.743068392,283132356.0566788,0.01369738712671088,True
CPRT,541,0.0,50.993197865935656,5760381.700554528,283057637.1987412,0.015325319833488905,True
WSM,541,0.0,165.37640461243015,1764145.8410351202,282752456.00527555,0.029106757515762294,True
XEL,541,0.0,66.68462117983101,4215885.767097967,281500754.1846221,0.01311118435537657,True
DPZ,541,0.0,447.2800180149607,632318.6691312385,280869796.70984405,0.0173406233113021,True
ITW,541,0.0,254.75602609348826,1096800.0,279786834.3243555,0.012518817445587953,True
ROK,541,0.0,307.0067283644473,909652.865064695,278845358.46386135,0.02082017340881043,True
QID,541,0.0,33.35813311508094,9899314.454713494,278500897.5895576,0.0259947647487682,True
TPR,541,0.0,74.10650650983376,3816984.473197782,277932591.28934896,0.024715614295192964,True
D,541,0.0,55.39465809397248,4999778.743068391,277567319.43608564,0.014063981349678723,True
KEY,541,0.0,16.929205141754995,16120890.573012939,275091224.3427026,0.020303361216560165,True
NUE,541,0.0,150.7199999091806,1875902.4029574862,274391916.0701857,0.021944232036092075,True
LVS,541,0.0,49.26243985117914,5627844.916820702,273497332.44228995,0.02263549170811244,True
GEHC,541,0.0,80.34749535579999,3439876.340110906,272994592.5080876,0.02039569508872161,True
RF,541,0.0,23.090203332812862,11326124.584103512,269412875.0681089,0.01769546294906165,True
FIS,541,0.0,73.22421451505143,3758848.6136783734,269390205.2033472,0.01689546784483842,True
BBY,541,0.0,78.5295194953735,3464533.6414048057,268151901.15045065,0.023993786782739668,True
HPQ,541,0.0,29.456062838683067,9527592.791127542,267870376.54162282,0.022154064068604044,True
GWW,541,0.0,1008.6770617472707,265370.97966728284,267569285.79229048,0.014683843650500563,True
SH,541,0.0,42.774602505724445,6193186.783733826,265732586.0433397,0.009933738657424187,True
TRGP,541,0.0,157.66824428255148,1680040.4805914972,264411371.1993882,0.019104118144994717,True
ARES,541,0.0,155.2963216503094,1708568.7615526803,264052618.37528533,0.02368942456316949,True
RSG,541,0.0,212.3283919865014,1236410.7208872458,263870001.37040848,0.010579096253302576,True
FAST,541,0.0,39.11152496619938,6717676.155268022,262914898.15366328,0.01543266513460683,True
MET,541,0.0,77.18537890139878,3410369.1312384475,262354637.5975942,0.016094220173317717,True
EFX,541,0.0,248.95273557652388,1080572.4584103513,262104008.8631875,0.021416592104588256,True
IP,541,0.0,45.9602032941723,5580142.329020333,258582457.66331643,0.022628256304693135,True
BLDR,541,0.0,147.9534379461997,1787792.4214417746,255337926.18951568,0.028525139382038805,True
CIEN,541,0.0,97.83118289235338,2276312.3844731976,255098079.3301432,0.03358616730261859,True
SPG,541,0.0,166.38105387520218,1527009.6118299447,253843159.9683215,0.014745798461994782,True
VRSK,541,0.0,261.10203284300627,1010833.4565619223,253728251.17708725,0.015086744561197692,True
MLM,541,0.0,568.9288171003134,447720.51756007393,253558631.41458622,0.015078326004412362,True
IBKR,541,0.0,46.52362286185161,5294058.595194085,253269590.3343546,0.023863739591555678,True
SCHX,541,0.0,23.257036307823196,10437004.251386322,252682594.1518491,0.00995760131460293,True
NDAQ,541,0.0,76.88114616831217,3221473.5674676527,250869506.25236073,0.014451993301750888,True
VMC,541,0.0,267.1190390031571,928946.9500924215,247594929.48149505,0.015646181389326635,True
IT,541,0.0,401.35567456032123,738130.8687615527,247452103.04675993,0.023453271369708654,True
SYY,541,0.0,76.39122009277344,3232535.8595194086,246935085.22046664,0.013558617590310724,True
IR,541,0.0,87.37848429230357,2838050.831792976,245914325.87444568,0.019017882609553616,True
AMP,541,0.0,476.96201402026054,515069.685767098,245657276.2139904,0.01647068409328553,True
BIIB,541,0.0,175.09170086590947,1449539.371534196,245645892.67631856,0.018914585805844965,True
A,541,0.0,132.73476887983227,1849874.6765249537,243624990.79263797,0.018187532559170765,True
SCHG,541,0.0,27.259824407298993,8712949.907578558,243384075.8434775,0.012897539990378497,True
PSA,541,0.0,296.88524984476084,824629.5748613678,243286007.73126456,0.014426772092295776,True
FITB,541,0.0,41.35597034390885,5698055.083179298,241749650.35134068,0.016996923199370097,True
GPN,541,0.0,98.51390030555936,2534903.5120147876,241362170.75948098,0.02336694923515522,True
CSGP,541,0.0,77.75911268421109,3200601.4787430684,238417290.85308364,0.021690235900416768,True
OMC,541,0.0,85.26543446257021,2928160.998151571,238107384.5667192,0.019272216848986584,True
DRI,541,0.0,180.22870626114653,1312245.101663586,237888698.78967625,0.016836825476283703,True
JAAA,541,0.0,50.673789343419664,4681596.487985212,237167287.2436157,0.0012853579487401136,True
ETR,541,0.0,74.79121074570746,3183746.765249538,237167106.33698496,0.014119714061545555,True
RMD,541,0.0,233.4871538201013,1017427.1719038817,236920854.8960913,0.02030101293212441,True
FIX,541,0.0,527.4263576430005,430752.4953789279,235800288.66279587,0.03362136282493366,True
OTIS,541,0.0,94.48110894222577,2493703.1423290204,233961586.85136184,0.013489432959112469,True
SWKS,541,0.0,84.09245837594136,2889292.2365988907,233479226.59218624,0.02754556508432921,True
PHM,541,0.0,117.93330867012855,1971674.121996303,231843991.98077303,0.020970744011144987,True
CTVA,541,0.0,61.66432540385868,3674939.741219963,229032251.9843456,0.017422541683862623,True
SYF,541,0.0,58.88824397314498,3941782.9944547135,228655212.6322903,0.02335372809184048,True
AME,541,0.0,181.64367864753314,1253456.3770794824,227884178.22769645,0.013902682721964783,True
GDDY,541,0.0,150.1205176954569,1542370.6099815157,225822650.68327644,0.01970768590076228,True
AFL,541,0.0,101.49804072635672,2224816.081330869,225534676.23131236,0.01307088533404061,True
LYB,541,0.0,74.65319776270614,3421887.985212569,224738466.20823902,0.021643569961738156,True
JBL,541,0.0,162.14704235027546,1395861.7375231055,222863771.93534273,0.024854892147877353,True
ADM,541,0.0,57.06593342497256,3925225.6931608133,221787728.3711481,0.019523301419096667,True
CBRE,541,0.0,126.92118309429965,1743159.3345656192,220978879.04186144,0.019152401216456522,True
ED,541,0.0,98.53025874280665,2218954.7134935306,220101028.1917015,0.0115987511061147,True
PEG,541,0.0,79.04791127203133,2788830.6839186694,219500123.43120188,0.012688391384470612,True
VICI,541,0.0,30.7627171994137,7197090.2033271715,219478107.01717687,0.011565814008057581,True
EME,541,0.0,473.13475095851146,461023.2902033272,218993440.12092406,0.024567130313575283,True
PPG,541,0.0,119.86338251928305,1840488.170055453,218290582.83165953,0.01554006879171991,True
CDW,541,0.0,189.55068390118217,1214087.4306839188,217674393.81050915,0.01931952966283461,True
NTAP,541,0.0,109.93524941322764,1984208.8724584104,216178996.83218232,0.02190314621237077,True
CFG,541,0.0,44.03548982800045,4947867.097966729,216006756.39067385,0.019932309175141227,True
WEC,541,0.0,97.9067098790308,2149435.120147874,210862854.2201058,0.01050816098778456,True
CLX,541,0.0,137.94110894335395,1564703.8817005546,209163558.13461134,0.013863004405713237,True
HUBB,541,0.0,408.6670425048377,512017.3475046211,207966757.96011814,0.01923420824927854,True
DD,541,0.0,33.52774377847555,6267287.711645102,205481496.4481552,0.01968423917977417,True
WYNN,541,0.0,98.73728285699588,2130564.325323475,204992494.89452904,0.023108716233570598,True
APTV,541,0.0,71.90892789632687,2913099.445471349,204347223.5517604,0.02357565581041904,True
LII,541,0.0,547.7073558870834,370341.2199630314,203394085.90582603,0.02013605032891906,True
MTB,541,0.0,178.77271714977329,1129297.2273567468,202610949.4235252,0.016825319075663182,True
PSQ,541,0.0,37.8091127920944,5562754.38077634,201331272.45494008,0.013074252962909195,True
STT,541,0.0,95.94857673856555,2114707.5785582257,200880244.31168702,0.01592979938390737,True
ALGN,541,0.0,209.9859703754982,1028673.5674676525,200381470.74464244,0.028676529829131492,True
AKAM,541,0.0,92.00351197530073,2207768.022181146,200201990.55331472,0.024393002466882564,True
SBAC,541,0.0,212.5814599338609,927127.7264325323,196162872.5493708,0.0163626138328869,True
BRO,541,0.0,95.59330860920622,2072081.885397412,195694528.318561,0.014465456321272573,True
CF,541,0.0,83.29033278713825,2338760.6284658043,195316429.35822746,0.01926734224176741,True
WST,541,0.0,290.67131262477795,700156.1922365989,194438916.1495385,0.02996508792115424,True
WAT,541,0.0,343.96353047876835,572013.8632162662,194286571.28101286,0.022622404843237433,True
BOIL,541,0.0,56.9531052707524,4515493.197781885,191880463.67016575,0.07157549508319155,True
KEYS,541,0.0,164.29855830391762,1146930.1293900185,190981109.2013093,0.02252511757493243,True
MTD,541,0.0,1303.6342333442842,147647.8743068392,190179464.81640264,0.020426417523497643,True
WAB,541,0.0,184.4259889077347,1038967.8373382625,189764283.90661016,0.0154438610687593,True
EIX,541,0.0,66.15380769824806,3014005.73012939,189626937.47306585,0.017618960836122938,True
DOV,541,0.0,183.23807775247118,1028735.3049907578,188384844.7055584,0.01532419399324612,True
PODD,541,0.0,252.2694269204977,758065.6192236599,188181591.93303078,0.02373101713433524,True
STLD,541,0.0,136.11613708326865,1388918.4842883549,187866244.71296075,0.021731509723473257,True
UVIX,541,0.0,44.54055452523082,11138173.881700555,186776855.24090278,0.09465055776979917,True
SCHF,541,0.0,20.909205181100674,8851647.689463956,186561866.84016582,0.009225829896452762,True
RL,541,0.0,242.02735711906843,795382.0702402957,185114180.69975,0.022647612385491726,True
CTRA,541,0.0,25.858502745848707,7151972.828096119,185052126.06322664,0.01743527187806665,True
HIG,541,0.0,116.31279111569557,1594235.304990758,184517358.2617444,0.01300620211280469,True
AWK,541,0.0,134.24308692241112,1377379.852125693,184039170.65045398,0.014160491181990531,True
PPL,541,0.0,32.66643254461658,5547381.330868762,183756130.35061213,0.010803298393168353,True
ZBH,541,0.0,105.92131230042294,1765495.0092421442,183664290.0939067,0.01664049606408657,True
PRU,541,0.0,111.6366359125444,1652159.1497227356,183149555.69532186,0.015960684147341326,True
WTW,541,0.0,300.52537872258046,597866.9131238448,181508037.28772795,0.013671374888915887,True
FTV,541,0.0,55.44193872109799,3305838.482439926,181238177.84554064,0.01613021179643896,True
CBOE,541,0.0,215.1061185318529,840192.7911275416,181070418.85302925,0.013468284065553034,True
CHD,541,0.0,99.44432524788623,1818949.9075785582,178279115.68854538,0.012566436271120229,True
AMCR,541,0.0,47.626820675326364,3820783.955637708,177964006.14536786,0.0156965182650099,True
CNP,541,0.0,33.49648802117367,5256352.680221812,176171067.9178894,0.011505817686123087,True
XYL,541,0.0,131.12482436879947,1350143.8077634012,175875948.58886945,0.01493860171139986,True
ACGL,541,0.0,94.26778197508862,1873732.5323475045,175657355.57432333,0.014860384146413353,True
GRMN,541,0.0,192.11554524814795,911391.6820702403,175629998.94601396,0.022136460642583806,True
RJF,541,0.0,143.42955602339146,1223317.0055452865,175625657.4058011,0.016542869641503883,True
VTR,541,0.0,62.13070247177716,2757571.719038817,174364781.0389979,0.013351883492503068,True
CHRW,541,0.0,108.72380776678568,1545435.8595194086,174150549.46541354,0.022659236312969625,True
VRSN,541,0.0,222.56667315188704,767355.8225508318,173628442.8708399,0.014432626784086057,True
FOXA,541,0.0,48.45889096780097,3503505.5452865064,173075788.50544068,0.016597883304964704,True
JBHT,541,0.0,170.19225507302556,1027506.2846580406,172495965.93149012,0.021730987890779176,True
APA,541,0.0,24.97157120836861,6916753.234750462,169083439.2407805,0.02890195334986156,True
NVR,541,0.0,7877.436036058803,21516.08133086876,168745820.21042123,0.016234639042075585,True
CAG,541,0.0,24.930942722257097,7339719.77818854,168524457.34034976,0.015448675353780248,True
MGM,541,0.0,37.200295658076314,4600391.497227357,167990791.93372074,0.02459865791019231,True
EXR,541,0.0,149.64475045759445,1122845.8410351202,166821870.1645377,0.016231194249970052,True
MKC,541,0.0,72.88787422955808,2295299.0757855824,165529270.39138597,0.01523126790779382,True
IRM,541,0.0,95.05881692036684,1744024.0295748613,165210621.38502645,0.01942413939881544,True
LH,541,0.0,239.1774679243895,689585.0277264325,164869398.75587562,0.014580218412970239,True
LDOS,541,0.0,156.12683934689449,1062525.1386321627,164003346.3987608,0.017725126977061908,True
CMS,541,0.0,67.74029579797205,2410892.975970425,163755632.68070537,0.010490673454574306,True
SJM,541,0.0,112.23667292850516,1477668.2070240297,163685310.56117907,0.01699473623023109,True
TKO,541,0.0,145.01996312167861,1129879.112754159,163632137.87385443,0.02029373143537595,True
FE,541,0.0,41.70648801877626,3892806.839186691,163286698.27281648,0.01118959528279942,True
TROW,541,0.0,106.84133083322352,1551643.6229205176,163213166.07048473,0.016891984461545623,True
SW,541,0.0,44.89164504722835,3617974.4916820703,163127211.63102818,0.025514997187814012,True
DGX,541,0.0,161.09401117631558,1005946.7652495379,162928158.20029888,0.014042806913988386,True
PTC,541,0.0,179.61580411167108,910618.6691312385,162604510.25644186,0.018073451894633625,True
NVDX,541,0.0,13.780073941965862,11900058.040665435,161927858.0850333,0.06338097712938133,True
EXPD,541,0.0,123.45990754584068,1302501.663585952,161613194.47107226,0.016994849467577223,True
ES,541,0.0,63.21199626534791,2563657.486136784,161557665.24086282,0.015878070365966186,True
DTE,541,0.0,125.75580400900567,1273202.033271719,161111881.05032423,0.011157428159092498,True
AVB,541,0.0,199.88060981905613,814207.5785582255,160590889.89444527,0.012961071138943696,True
CPAY,541,0.0,314.7487804250664,504528.09611829947,158270053.21246022,0.021329435358450798,True
GPC,541,0.0,132.90942721269928,1206008.1330868762,158029926.47929448,0.018970603630584306,True
BAX,541,0.0,31.14770791975716,5485280.961182995,157236453.93368763,0.023765124002187825,True
FFIV,541,0.0,243.54406704435507,636499.8151571165,157210429.29479912,0.01916536376649354,True
AES,541,0.0,14.774787402197084,11169292.421441775,156677284.34318253,0.02757864864169254,True
TYL,541,0.0,521.1582798420171,311158.59519408504,156264503.2656178,0.018769689573743784,True
CRL,541,0.0,189.023992838128,888074.4916820702,156057524.38626388,0.029285263733490958,True
SATS,541,0.0,37.699149773433774,3000443.068391867,154022105.68919843,0.05687155471434147,True
POOL,541,0.0,328.5178555754769,494445.6561922366,153908968.66335207,0.020219070754637122,True
FDS,541,0.0,405.35277245710165,427831.977818854,153511376.55012655,0.01796014189741202,True
INCY,541,0.0,72.55983363943047,2125920.7024029577,153118120.05662194,0.020526610455613326,True
TSN,541,0.0,57.975563726231265,2646497.7818853976,153007428.54689422,0.013950791907734466,True
PSKY,541,0.0,12.318632178738465,12338465.804066543,152730188.4504935,0.035581308328997106,True
RWM,541,0.0,19.01774492281422,8466567.097966729,152066723.19832554,0.01364769987984583,True
BG,541,0.0,91.08748609786113,1686394.4547134936,151469850.41268256,0.018060857988031993,True
NI,541,0.0,36.17676527971701,4178695.378927911,151261506.6416231,0.01138693749024973,True
COO,541,0.0,87.21660821318847,1822758.2255083178,151196521.48450333,0.019271527309037518,True
PKG,541,0.0,201.7237891798319,742924.9537892791,150669190.55940413,0.015139946920025332,True
MOS,541,0.0,29.323160763809287,5161988.170055453,149820773.66612834,0.02285919562245569,True
ZBRA,541,0.0,307.4875044337923,501296.30314232904,149403722.2673201,0.025083560454010105,True
VLTO,541,0.0,99.19953795766213,1510818.2994454713,148937452.91329628,0.013446829557096742,True
GNRC,541,0.0,150.29319777285986,979366.7282809612,148751262.0349059,0.027376894520011463,True
AEE,541,0.0,89.87735650984504,1641276.3401109057,147835868.64299104,0.010820740195818423,True
SWK,541,0.0,82.81349354883218,1843708.3179297596,147518140.41797054,0.024494034797949496,True
TPL,541,0.0,321.48994217342016,415787.80036968575,146330244.61373207,0.030362713169124273,True
EPAM,541,0.0,205.81787436550513,739598.8909426987,146006165.93999386,0.02864485175069987,True
UNG,541,0.0,15.69630315960445,9569917.6987061,145836368.16315994,0.04005784253460028,True
CPB,541,0.0,38.90173749870822,3990732.347504621,143860967.6208073,0.015940245215851617,True
MAS,541,0.0,71.37593344443387,2037025.878003697,143571436.23096517,0.01814712521847482,True
IFF,541,0.0,81.58574850678224,1807498.1515711646,143269592.97215572,0.017144939001022576,True
TDY,541,0.0,480.285360114191,290443.0683918669,142092348.9365724,0.0150561570834937,True
UHS,541,0.0,192.5741959041236,733541.5896487986,140869592.09223834,0.020028574100586366,True
NTRS,541,0.0,106.29046224710461,1328545.101663586,140121531.3691342,0.016813964814214166,True
ATO,541,0.0,144.47595179587768,954948.9833641405,139494031.48617277,0.010119048619394978,True
PNR,541,0.0,94.10402958670738,1492705.1756007394,138788664.15745282,0.017198623421447172,True
SPTL,541,0.0,27.109316087253873,5116348.059149723,138533971.10285133,0.007354460227586002,True
HST,541,0.0,17.496746722519287,8044788.53974122,138529699.7802697,0.01683310116419994,True
EVRG,541,0.0,64.10225506146162,2150845.2865064694,138031053.01734093,0.010262768160542937,True
CASY,541,0.0,434.5933089335613,308590.573012939,137172907.40574187,0.017686595988128544,True
BR,541,0.0,221.09519419784687,618063.4011090572,135603890.0959318,0.013487083210823024,True
EG,541,0.0,357.29434378971234,375926.98706099816,133589504.52075894,0.01564883055000743,True
STE,541,0.0,231.89227328767618,568979.1127541589,132423964.77316752,0.014338181894077859,True
EQR,541,0.0,66.87528643370115,1998242.6987060998,132100856.40569183,0.013623809526438371,True
NVD,541,0.0,58.9340203077207,11478682.92051756,130881757.79136379,0.06298022305816,True
ARE,541,0.0,94.59480590256217,1554907.5785582254,130572247.67129372,0.021343027348123985,True
WRB,541,0.0,63.22483054987825,2003667.7449168207,128314182.55080612,0.014169510280921034,True
BALL,541,0.0,57.80526792628488,2254929.7597042513,127678120.66391611,0.01596522400184914,True
TAP,541,0.0,54.677005556286375,2330748.42883549,125063696.79665203,0.016108932307810634,True
HII,541,0.0,262.7246578590266,479414.60258780036,122584056.73352875,0.023588473045431282,True
INVH,541,0.0,32.3476525093403,3867241.5896487986,122300884.36369482,0.013176503196582074,True
WY,541,0.0,28.670258805844348,4348916.820702403,121650629.97485106,0.015898931459983088,True
HAS,541,0.0,67.15975961314993,1796101.2939001848,121460334.37311028,0.020406014803900308,True
MAA,541,0.0,144.738336460868,841263.2162661738,121134529.32348762,0.012949619720453394,True
DOC,541,0.0,19.105914972626127,6431323.6598890945,120266084.20282882,0.015038497707774838,True
ALLE,541,0.0,142.42118308019727,834282.0702402957,119394154.37770428,0.014929703021982326,True
DVA,541,0.0,138.9933644010928,858647.3197781886,118600070.18357028,0.02130832175882976,True
ESS,541,0.0,271.5109615361184,438265.98890942696,118509645.58079803,0.014395634595027663,True
SPDN,541,0.0,11.068086890328173,11197079.852125693,116614361.56724852,0.01006140586862233,True
IEX,541,0.0,197.61175562493682,596386.6913123844,115551100.236342,0.015894477803759792,True
AVY,541,0.0,193.90345671084364,607420.1478743069,115400603.40915757,0.013502861048251099,True
CPT,541,0.0,110.4810905668079,1027872.8280961183,112839330.49350393,0.01350803671968852,True
LNT,541,0.0,59.486210736681926,1863200.5545286506,112041308.59780656,0.01110390873226455,True
J,541,0.0,130.17050531919693,857220.73012939,111677732.95223372,0.01616636192383248,True
RVTY,541,0.0,105.4139370874204,1070660.0739371534,111149195.47400625,0.021310305531406795,True
GEN,541,0.0,26.257874317839054,4267090.757855822,110932684.53143431,0.018632041352586417,True
BF-B,541,0.0,38.46630313964957,3155439.001848429,110743666.17312405,0.020824831942107887,True
TXT,541,0.0,83.38783718962326,1326703.3271719038,109949480.40470399,0.016561685924981667,True
VTRS,541,0.0,11.040166363037448,10044936.044362292,108870216.24711674,0.020794282991325807,True
HSIC,541,0.0,71.57713496266364,1518129.7597042513,108570077.87201647,0.01731038399087873,True
JKHY,541,0.0,171.36316104120337,638509.057301294,108449402.44115804,0.013550045307670686,True
SNA,541,0.0,316.6223842881744,337159.1497227357,107597780.36243488,0.014972146558092439,True
SCHB,541,0.0,22.741441772517348,4503651.016635859,106384353.92370172,0.009967332375205496,True
PFG,541,0.0,82.17737532807807,1280150.831792976,105401230.74730892,0.01567801290193284,True
BXP,541,0.0,69.43569318027461,1521602.7726432532,104705229.22688834,0.01958684904723102,True
ROL,541,0.0,52.11086873955295,1942258.7800369686,102496280.34799896,0.01407344822757561,True
UDR,541,0.0,39.94763397950121,2574190.3881700556,101467936.76171152,0.01341754178753156,True
PNW,541,0.0,85.74770795219266,1173318.114602588,100513564.23058924,0.011083901264579761,True
TECH,541,0.0,65.62848426409879,1598530.4990757855,99646984.40445426,0.02533403452163159,True
TRMB,541,0.0,67.65735669233001,1465187.2458410352,99588150.32218538,0.019250880300519305,True
KIM,541,0.0,21.278317960925992,4689303.512014788,99330071.81044312,0.013833746207941172,True
GL,541,0.0,117.31735665961246,988715.8964879852,99022227.82336463,0.030255239616909808,True
BEN,541,0.0,23.075988896452785,4305145.84103512,98630388.27062844,0.01898798060208904,True
HRL,541,0.0,29.515730080454716,3313220.147874307,94637140.4029483,0.0166495984050665,True
CINF,541,0.0,139.8271718897793,661351.7560073937,91208298.11114101,0.014394202817595401,True
IVZ,541,0.0,18.519796681712602,4803786.321626618,90119017.64019051,0.022488892944744984,True
AOS,541,0.0,74.69846585850178,1203421.6266173753,88180552.04285076,0.015349058510686344,True
QQQI,522,0.03512014787430684,51.73522985757996,1655414.7509578543,87892489.31266302,0.0112275317839005,True
NWSA,541,0.0,27.0557301251593,3150489.648798521,85170545.8665534,0.014755471341671945,True
AIZ,541,0.0,198.87844758377497,392832.16266173753,78267978.49269451,0.01504154289770235,True
REG,541,0.0,69.07837339249645,1129195.5637707948,77936897.66919176,0.01159436659301152,True
NDSN,541,0.0,237.04025846752793,322550.6469500924,75568359.9602634,0.015760730931194417,True
TSDD,541,0.0,148.89926033495976,5437610.887245841,73125318.36589657,0.07773596324783907,True
FRT,541,0.0,102.63913126044706,690629.9445471349,70637899.25478725,0.013046302311838467,True
L,541,0.0,86.81022184304962,755292.6062846581,65771417.009907156,0.011205872481972239,True
SPAB,541,0.0,25.457060995472116,2580191.1275415896,65711162.85998332,0.00312255361420865,True
FOX,541,0.0,44.519547097563965,1286300.369685767,59045143.244495146,0.01644802696306276,True
ERIE,541,0.0,376.5665442842212,142705.73012939002,54277831.82916271,0.01916262507335857,True
MSOS,541,0.0,5.425360442089286,9160203.14232902,52791008.16104628,0.05875933802002078,True
SCO,541,0.0,17.722606320478118,1925981.146025878,33705853.90997902,0.03013354658492491,True
DRIP,541,0.0,9.952560064312271,3158981.146025878,29520646.58783368,0.03542830779726823,True
NWS,541,0.0,29.7155083287886,861356.1922365989,25695846.283200487,0.015010485060970963,True
MSFU,541,0.0,43.12924394589916,656191.6820702403,25682470.11137943,0.029557497501950223,True
